n,t_n,nearest_minimum_t,delta_n,nearest_null_minimum_t,delta_n_null,bin
1,14.134725,13.720000,0.414725,,0.408681,"[14,300)"
2,21.022040,20.472000,0.550040,,0.403745,"[14,300)"
3,25.010858,24.752000,0.258858,,0.410279,"[14,300)"
4,30.424876,30.536000,0.111124,,0.415116,"[14,300)"
5,32.935062,32.984000,0.048938,,0.417391,"[14,300)"
6,37.586178,37.432000,0.154178,,0.412037,"[14,300)"
7,40.918719,40.256000,0.662719,,0.429741,"[14,300)"
8,43.327073,43.280000,0.047073,,0.411416,"[14,300)"
9,48.005151,47.680000,0.325151,,0.415626,"[14,300)"
10,49.773832,48.960000,0.813832,,0.422307,"[14,300)"
11,52.970321,52.656000,0.314321,,0.439659,"[14,300)"
12,56.446248,56.344000,0.102248,,0.419746,"[14,300)"
13,59.347044,58.664000,0.683044,,0.443415,"[14,300)"
14,60.831779,60.480000,0.351779,,0.422897,"[14,300)"
15,65.112544,65.000000,0.112544,,0.429317,"[14,300)"
16,67.079811,66.608000,0.471811,,0.409162,"[14,300)"
17,69.546402,69.632000,0.085598,,0.410275,"[14,300)"
18,72.067158,72.344000,0.276842,,0.411301,"[14,300)"
19,75.704691,75.632000,0.072691,,0.394929,"[14,300)"
20,77.144840,76.936000,0.208840,,0.434286,"[14,300)"
21,79.337375,79.632000,0.294625,,0.449416,"[14,300)"
22,82.910381,82.880000,0.030381,,0.420283,"[14,300)"
23,84.735493,84.744000,0.008507,,0.410787,"[14,300)"
24,87.425275,87.664000,0.238725,,0.413932,"[14,300)"
25,88.809111,88.336000,0.473111,,0.417237,"[14,300)"
26,92.491899,92.816000,0.324101,,0.415480,"[14,300)"
27,94.651344,94.496000,0.155344,,0.426330,"[14,300)"
28,95.870634,95.120000,0.750634,,0.427207,"[14,300)"
29,98.831194,98.936000,0.104806,,0.425991,"[14,300)"
30,101.317851,101.152000,0.165851,,0.434365,"[14,300)"
31,103.725538,103.528000,0.197538,,0.444282,"[14,300)"
32,105.446623,106.176000,0.729377,,0.433181,"[14,300)"
33,107.168611,106.800000,0.368611,,0.429002,"[14,300)"
34,111.029536,111.088000,0.058464,,0.426790,"[14,300)"
35,111.874659,111.448000,0.426659,,0.413946,"[14,300)"
36,114.320221,113.680000,0.640221,,0.399480,"[14,300)"
37,116.226680,115.728000,0.498680,,0.402912,"[14,300)"
38,118.790783,118.720000,0.070783,,0.419988,"[14,300)"
39,121.370125,121.480000,0.109875,,0.413030,"[14,300)"
40,122.946829,122.792000,0.154829,,0.408821,"[14,300)"
41,124.256819,124.352000,0.095181,,0.425813,"[14,300)"
42,127.516684,127.160000,0.356684,,0.422113,"[14,300)"
43,129.578704,129.560000,0.018704,,0.423571,"[14,300)"
44,131.087689,131.056000,0.031689,,0.411281,"[14,300)"
45,133.497737,133.488000,0.009737,,0.403890,"[14,300)"
46,134.756510,134.864000,0.107490,,0.434306,"[14,300)"
47,138.116042,138.464000,0.347958,,0.441339,"[14,300)"
48,139.736209,139.776000,0.039791,,0.407592,"[14,300)"
49,141.123707,141.488000,0.364293,,0.405073,"[14,300)"
50,143.111846,143.176000,0.064154,,0.413136,"[14,300)"
51,146.000982,146.208000,0.207018,,0.407164,"[14,300)"
52,147.422765,147.552000,0.129235,,0.422461,"[14,300)"
53,150.053520,150.592000,0.538480,,0.423636,"[14,300)"
54,150.925258,150.856000,0.069258,,0.425022,"[14,300)"
55,153.024694,152.800000,0.224694,,0.399442,"[14,300)"
56,156.112909,156.376000,0.263091,,0.418966,"[14,300)"
57,157.597592,157.424000,0.173592,,0.405026,"[14,300)"
58,158.849988,158.704000,0.145988,,0.381246,"[14,300)"
59,161.188964,160.768000,0.420964,,0.425050,"[14,300)"
60,163.030710,163.184000,0.153290,,0.437503,"[14,300)"
61,165.537069,165.712000,0.174931,,0.420246,"[14,300)"
62,167.184440,167.056000,0.128440,,0.411617,"[14,300)"
63,169.094515,169.976000,0.881485,,0.410226,"[14,300)"
64,169.911976,169.976000,0.064024,,0.424236,"[14,300)"
65,173.411537,173.496000,0.084463,,0.399133,"[14,300)"
66,174.754192,174.584000,0.170192,,0.428634,"[14,300)"
67,176.441434,176.376000,0.065434,,0.421622,"[14,300)"
68,178.377408,178.720000,0.342592,,0.410778,"[14,300)"
69,179.916484,179.944000,0.027516,,0.437771,"[14,300)"
70,182.207078,182.064000,0.143078,,0.419017,"[14,300)"
71,184.874468,184.296000,0.578468,,0.412510,"[14,300)"
72,185.598784,186.360000,0.761216,,0.421719,"[14,300)"
73,187.228923,187.720000,0.491077,,0.428289,"[14,300)"
74,189.416159,189.248000,0.168159,,0.401951,"[14,300)"
75,192.026656,192.104000,0.077344,,0.428611,"[14,300)"
76,193.079727,192.104000,0.975727,,0.414610,"[14,300)"
77,195.265397,194.848000,0.417397,,0.433839,"[14,300)"
78,196.876482,196.792000,0.084482,,0.422479,"[14,300)"
79,198.015310,197.896000,0.119310,,0.417015,"[14,300)"
80,201.264752,200.968000,0.296752,,0.418264,"[14,300)"
81,202.493595,202.336000,0.157595,,0.398400,"[14,300)"
82,204.189672,203.768000,0.421672,,0.400208,"[14,300)"
83,205.394697,204.688000,0.706697,,0.399247,"[14,300)"
84,207.906259,208.008000,0.101741,,0.414256,"[14,300)"
85,209.576510,209.496000,0.080510,,0.417030,"[14,300)"
86,211.690863,211.872000,0.181137,,0.404111,"[14,300)"
87,213.347919,213.288000,0.059919,,0.425302,"[14,300)"
88,214.547045,213.288000,1.259045,,0.417357,"[14,300)"
89,216.169539,216.728000,0.558461,,0.432436,"[14,300)"
90,219.067596,218.192000,0.875596,,0.408439,"[14,300)"
91,220.714919,220.752000,0.037081,,0.425146,"[14,300)"
92,221.430706,220.752000,0.678706,,0.424073,"[14,300)"
93,224.007000,224.056000,0.049000,,0.417179,"[14,300)"
94,224.983325,224.832000,0.151325,,0.404767,"[14,300)"
95,227.421444,227.248000,0.173444,,0.406938,"[14,300)"
96,229.337413,229.672000,0.334587,,0.426542,"[14,300)"
97,231.250189,231.368000,0.117811,,0.408443,"[14,300)"
98,231.987235,231.672000,0.315235,,0.413700,"[14,300)"
99,233.693404,234.392000,0.698596,,0.432868,"[14,300)"
100,236.524230,236.416000,0.108230,,0.385184,"[14,300)"
101,237.769820,237.936000,0.166180,,0.416178,"[14,300)"
102,239.555478,239.112000,0.443478,,0.415810,"[14,300)"
103,241.049158,241.872000,0.822842,,0.402666,"[14,300)"
104,242.823272,243.000000,0.176728,,0.410396,"[14,300)"
105,244.070898,244.832000,0.761102,,0.426561,"[14,300)"
106,247.136990,247.392000,0.255010,,0.411603,"[14,300)"
107,248.101990,248.744000,0.642010,,0.418312,"[14,300)"
108,249.573690,249.288000,0.285690,,0.385867,"[14,300)"
109,251.014948,250.648000,0.366948,,0.419242,"[14,300)"
110,253.069987,252.752000,0.317987,,0.419937,"[14,300)"
111,255.306256,254.128000,1.178256,,0.425575,"[14,300)"
112,256.380714,257.024000,0.643286,,0.428333,"[14,300)"
113,258.610439,258.568000,0.042439,,0.402957,"[14,300)"
114,259.874407,259.872000,0.002407,,0.423069,"[14,300)"
115,260.805085,261.040000,0.234915,,0.412577,"[14,300)"
116,263.573894,263.648000,0.074106,,0.430234,"[14,300)"
117,265.557852,265.592000,0.034148,,0.409280,"[14,300)"
118,266.614974,266.072000,0.542974,,0.437032,"[14,300)"
119,267.921915,268.208000,0.286085,,0.428891,"[14,300)"
120,269.970449,269.928000,0.042449,,0.423227,"[14,300)"
121,271.494056,271.480000,0.014056,,0.433996,"[14,300)"
122,273.459609,273.536000,0.076391,,0.410209,"[14,300)"
123,275.587493,275.784000,0.196507,,0.407310,"[14,300)"
124,276.452050,276.168000,0.284050,,0.417165,"[14,300)"
125,278.250744,278.720000,0.469256,,0.410107,"[14,300)"
126,279.229251,278.720000,0.509251,,0.442333,"[14,300)"
127,282.465115,282.584000,0.118885,,0.407266,"[14,300)"
128,283.211186,282.904000,0.307186,,0.418172,"[14,300)"
129,284.835964,284.792000,0.043964,,0.428380,"[14,300)"
130,286.667445,287.368000,0.700555,,0.411571,"[14,300)"
131,287.911921,287.824000,0.087921,,0.399720,"[14,300)"
132,289.579855,289.600000,0.020145,,0.406050,"[14,300)"
133,291.846291,291.800000,0.046291,,0.433224,"[14,300)"
134,293.558434,293.896000,0.337566,,0.410303,"[14,300)"
135,294.965370,294.376000,0.589370,,0.404711,"[14,300)"
136,295.573255,296.664000,1.090745,,0.417082,"[14,300)"
137,297.979277,297.832000,0.147277,,0.411004,"[14,300)"
138,299.840326,300.072000,0.231674,,0.429713,"[14,300)"
139,301.649325,301.736000,0.086675,,0.432246,"[300,650)"
140,302.696750,302.408000,0.288750,,0.414892,"[300,650)"
141,304.864371,305.720000,0.855629,,0.434406,"[300,650)"
142,305.728913,305.720000,0.008913,,0.424745,"[300,650)"
143,307.219496,307.240000,0.020504,,0.408849,"[300,650)"
144,310.109463,310.104000,0.005463,,0.428883,"[300,650)"
145,311.165142,311.104000,0.061142,,0.425682,"[300,650)"
146,312.427801,312.136000,0.291801,,0.426284,"[300,650)"
147,313.985286,314.040000,0.054714,,0.424256,"[300,650)"
148,315.475616,315.616000,0.140384,,0.423110,"[300,650)"
149,317.734806,318.072000,0.337194,,0.416012,"[300,650)"
150,318.853104,318.640000,0.213104,,0.435581,"[300,650)"
151,321.160134,321.344000,0.183866,,0.418340,"[300,650)"
152,322.144559,322.528000,0.383441,,0.425798,"[300,650)"
153,323.466970,323.928000,0.461030,,0.414949,"[300,650)"
154,324.862866,324.696000,0.166866,,0.424111,"[300,650)"
155,327.443901,327.608000,0.164099,,0.434255,"[300,650)"
156,329.033072,329.168000,0.134928,,0.455480,"[300,650)"
157,329.953240,329.552000,0.401240,,0.430397,"[300,650)"
158,331.474468,331.496000,0.021532,,0.399205,"[300,650)"
159,333.645379,333.904000,0.258621,,0.430440,"[300,650)"
160,334.211355,334.456000,0.244645,,0.438732,"[300,650)"
161,336.841850,336.264000,0.577850,,0.411853,"[300,650)"
162,338.339993,338.248000,0.091993,,0.398125,"[300,650)"
163,339.858217,339.360000,0.498217,,0.400236,"[300,650)"
164,341.042261,341.480000,0.437739,,0.418557,"[300,650)"
165,342.054878,341.864000,0.190878,,0.413645,"[300,650)"
166,344.661703,344.144000,0.517703,,0.418530,"[300,650)"
167,346.347871,346.000000,0.347871,,0.384765,"[300,650)"
168,347.272678,347.232000,0.040678,,0.416554,"[300,650)"
169,349.316261,348.728000,0.588261,,0.418642,"[300,650)"
170,350.408419,350.672000,0.263581,,0.423409,"[300,650)"
171,351.878649,351.640000,0.238649,,0.433173,"[300,650)"
172,353.488900,353.568000,0.079100,,0.413454,"[300,650)"
173,356.017575,355.744000,0.273575,,0.420854,"[300,650)"
174,357.151302,356.528000,0.623302,,0.400661,"[300,650)"
175,357.952685,356.528000,1.424685,,0.417992,"[300,650)"
176,359.743755,360.488000,0.744245,,0.430023,"[300,650)"
177,361.289362,361.744000,0.454638,,0.407198,"[300,650)"
178,363.331331,363.896000,0.564669,,0.433471,"[300,650)"
179,364.736024,365.464000,0.727976,,0.405639,"[300,650)"
180,366.212710,366.056000,0.156710,,0.401701,"[300,650)"
181,367.993575,367.976000,0.017575,,0.409746,"[300,650)"
182,368.968438,368.432000,0.536438,,0.407506,"[300,650)"
183,370.050919,368.432000,1.618919,,0.420769,"[300,650)"
184,373.061928,373.104000,0.042072,,0.429793,"[300,650)"
185,373.864874,374.064000,0.199126,,0.444887,"[300,650)"
186,375.825913,375.520000,0.305913,,0.393556,"[300,650)"
187,376.324092,376.816000,0.491908,,0.404777,"[300,650)"
188,378.436680,378.664000,0.227320,,0.414651,"[300,650)"
189,379.872975,380.112000,0.239025,,0.400445,"[300,650)"
190,381.484469,381.152000,0.332469,,0.428158,"[300,650)"
191,383.443529,384.080000,0.636471,,0.433227,"[300,650)"
192,384.956117,384.816000,0.140117,,0.406898,"[300,650)"
193,385.861301,385.392000,0.469301,,0.399973,"[300,650)"
194,387.222890,387.408000,0.185110,,0.392917,"[300,650)"
195,388.846128,388.440000,0.406128,,0.432960,"[300,650)"
196,391.456084,391.464000,0.007916,,0.434222,"[300,650)"
197,392.245083,392.016000,0.229083,,0.430457,"[300,650)"
198,393.427744,393.688000,0.260256,,0.444311,"[300,650)"
199,395.582870,396.336000,0.753130,,0.400085,"[300,650)"
200,396.381854,396.336000,0.045854,,0.397431,"[300,650)"
201,397.918736,397.744000,0.174736,,0.424613,"[300,650)"
202,399.985120,400.184000,0.198880,,0.396318,"[300,650)"
203,401.839229,402.072000,0.232771,,0.409720,"[300,650)"
204,402.861918,403.176000,0.314082,,0.406742,"[300,650)"
205,404.236442,404.232000,0.004442,,0.410110,"[300,650)"
206,405.134387,405.272000,0.137613,,0.398847,"[300,650)"
207,407.581460,408.008000,0.426540,,0.404674,"[300,650)"
208,408.947246,408.528000,0.419246,,0.395355,"[300,650)"
209,410.513869,410.488000,0.025869,,0.427694,"[300,650)"
210,411.972268,411.544000,0.428268,,0.415576,"[300,650)"
211,413.262736,412.768000,0.494736,,0.416662,"[300,650)"
212,415.018810,414.808000,0.210810,,0.410523,"[300,650)"
213,415.455215,414.808000,0.647215,,0.417275,"[300,650)"
214,418.387706,418.528000,0.140294,,0.397460,"[300,650)"
215,419.861365,419.520000,0.341365,,0.409421,"[300,650)"
216,420.643828,419.520000,1.123828,,0.398726,"[300,650)"
217,422.076710,422.336000,0.259290,,0.410567,"[300,650)"
218,423.716580,422.720000,0.996580,,0.419675,"[300,650)"
219,425.069882,425.232000,0.162118,,0.432013,"[300,650)"
220,427.208825,427.248000,0.039175,,0.400799,"[300,650)"
221,428.127914,428.440000,0.312086,,0.394903,"[300,650)"
222,430.328745,429.248000,1.080745,,0.423055,"[300,650)"
223,431.301307,431.968000,0.666693,,0.409294,"[300,650)"
224,432.138642,432.304000,0.165358,,0.418255,"[300,650)"
225,433.889218,433.816000,0.073218,,0.412372,"[300,650)"
226,436.161006,436.200000,0.038994,,0.420167,"[300,650)"
227,437.581698,437.352000,0.229698,,0.435687,"[300,650)"
228,438.621739,438.344000,0.277739,,0.409164,"[300,650)"
229,439.918442,439.400000,0.518442,,0.412906,"[300,650)"
230,441.683199,441.760000,0.076801,,0.434351,"[300,650)"
231,442.904546,443.880000,0.975454,,0.405130,"[300,650)"
232,444.319336,444.680000,0.360664,,0.428840,"[300,650)"
233,446.860623,447.048000,0.187377,,0.420325,"[300,650)"
234,447.441704,447.560000,0.118296,,0.418482,"[300,650)"
235,449.148546,449.000000,0.148546,,0.407647,"[300,650)"
236,450.126946,450.016000,0.110946,,0.416372,"[300,650)"
237,451.403308,451.520000,0.116692,,0.401989,"[300,650)"
238,453.986738,453.344000,0.642738,,0.451002,"[300,650)"
239,454.974684,454.752000,0.222684,,0.412358,"[300,650)"
240,456.328427,456.216000,0.112427,,0.404794,"[300,650)"
241,457.903893,457.544000,0.359893,,0.431697,"[300,650)"
242,459.513415,459.528000,0.014585,,0.443405,"[300,650)"
243,460.087944,459.896000,0.191944,,0.445754,"[300,650)"
244,462.065367,462.280000,0.214633,,0.413499,"[300,650)"
245,464.057287,464.280000,0.222713,,0.406557,"[300,650)"
246,465.671539,465.704000,0.032461,,0.402087,"[300,650)"
247,466.570287,465.704000,0.866287,,0.419943,"[300,650)"
248,467.439046,468.088000,0.648954,,0.412179,"[300,650)"
249,469.536005,469.496000,0.040005,,0.423848,"[300,650)"
250,470.773655,470.912000,0.138345,,0.433805,"[300,650)"
251,472.799175,472.888000,0.088825,,0.431148,"[300,650)"
252,473.835232,474.000000,0.164768,,0.414701,"[300,650)"
253,475.600339,475.736000,0.135661,,0.406401,"[300,650)"
254,476.769015,477.224000,0.454985,,0.405862,"[300,650)"
255,478.075264,478.024000,0.051264,,0.405099,"[300,650)"
256,478.942182,478.904000,0.038182,,0.414032,"[300,650)"
257,481.830339,482.280000,0.449661,,0.439799,"[300,650)"
258,482.834783,482.592000,0.242783,,0.405845,"[300,650)"
259,483.851427,484.568000,0.716573,,0.428388,"[300,650)"
260,485.539148,485.448000,0.091148,,0.414524,"[300,650)"
261,486.528718,487.040000,0.511282,,0.419910,"[300,650)"
262,488.380567,488.784000,0.403433,,0.424185,"[300,650)"
263,489.661762,489.112000,0.549762,,0.420451,"[300,650)"
264,491.398822,491.736000,0.337178,,0.425945,"[300,650)"
265,493.314442,493.200000,0.114442,,0.409565,"[300,650)"
266,493.957998,493.880000,0.077998,,0.426839,"[300,650)"
267,495.358829,496.016000,0.657171,,0.417157,"[300,650)"
268,496.429696,496.016000,0.413696,,0.408908,"[300,650)"
269,498.580782,499.656000,1.075218,,0.399281,"[300,650)"
270,500.309085,500.200000,0.109085,,0.406629,"[300,650)"
271,501.604447,500.952000,0.652447,,0.418612,"[300,650)"
272,502.276270,502.376000,0.099730,,0.408499,"[300,650)"
273,504.499773,504.768000,0.268227,,0.418300,"[300,650)"
274,505.415232,505.400000,0.015232,,0.425913,"[300,650)"
275,506.464153,506.576000,0.111847,,0.399259,"[300,650)"
276,508.800700,508.720000,0.080700,,0.415556,"[300,650)"
277,510.264228,510.400000,0.135772,,0.412099,"[300,650)"
278,511.562290,511.440000,0.122290,,0.447380,"[300,650)"
279,512.623145,512.736000,0.112855,,0.432615,"[300,650)"
280,513.668986,513.392000,0.276986,,0.410164,"[300,650)"
281,515.435057,515.736000,0.300943,,0.408269,"[300,650)"
282,517.589669,517.072000,0.517669,,0.396696,"[300,650)"
283,518.234223,518.928000,0.693777,,0.392650,"[300,650)"
284,520.106310,520.136000,0.029690,,0.401358,"[300,650)"
285,521.525193,521.240000,0.285193,,0.444118,"[300,650)"
286,522.456696,522.592000,0.135304,,0.427173,"[300,650)"
287,523.960531,523.728000,0.232531,,0.400008,"[300,650)"
288,525.077386,525.176000,0.098614,,0.415133,"[300,650)"
289,527.903642,527.128000,0.775642,,0.424513,"[300,650)"
290,528.406214,529.248000,0.841786,,0.419120,"[300,650)"
291,529.806226,529.248000,0.558226,,0.407322,"[300,650)"
292,530.866918,531.640000,0.773082,,0.423524,"[300,650)"
293,532.688183,533.336000,0.647817,,0.393196,"[300,650)"
294,533.779631,533.920000,0.140369,,0.411024,"[300,650)"
295,535.664314,535.640000,0.024314,,0.439274,"[300,650)"
296,537.069759,536.632000,0.437759,,0.410613,"[300,650)"
297,538.428526,538.248000,0.180526,,0.413685,"[300,650)"
298,540.213166,540.792000,0.578834,,0.409225,"[300,650)"
299,540.631390,540.792000,0.160610,,0.413912,"[300,650)"
300,541.847437,541.944000,0.096563,,0.445723,"[300,650)"
301,544.323890,544.512000,0.188110,,0.419719,"[300,650)"
302,545.636833,545.056000,0.580833,,0.422174,"[300,650)"
303,547.010912,546.520000,0.490912,,0.438289,"[300,650)"
304,547.931613,547.816000,0.115613,,0.408322,"[300,650)"
305,549.497568,549.040000,0.457568,,0.439981,"[300,650)"
306,550.970010,550.808000,0.162010,,0.422439,"[300,650)"
307,552.049572,552.200000,0.150428,,0.432138,"[300,650)"
308,553.764972,553.640000,0.124972,,0.418882,"[300,650)"
309,555.792021,555.728000,0.064021,,0.416218,"[300,650)"
310,556.899476,557.032000,0.132524,,0.428218,"[300,650)"
311,557.564659,557.440000,0.124659,,0.425869,"[300,650)"
312,559.316237,559.344000,0.027763,,0.429141,"[300,650)"
313,560.240807,559.608000,0.632807,,0.421188,"[300,650)"
314,562.559208,562.560000,0.000792,,0.416597,"[300,650)"
315,564.160879,564.040000,0.120879,,0.421968,"[300,650)"
316,564.506056,564.040000,0.466056,,0.416515,"[300,650)"
317,566.698788,566.656000,0.042788,,0.405022,"[300,650)"
318,567.731758,567.816000,0.084242,,0.421871,"[300,650)"
319,568.923955,569.400000,0.476045,,0.402869,"[300,650)"
320,570.051115,570.200000,0.148885,,0.401683,"[300,650)"
321,572.419984,572.016000,0.403984,,0.408326,"[300,650)"
322,573.614611,573.848000,0.233389,,0.429106,"[300,650)"
323,575.093886,574.528000,0.565886,,0.402865,"[300,650)"
324,575.807247,576.816000,1.008753,,0.388596,"[300,650)"
325,577.039003,576.816000,0.223003,,0.390710,"[300,650)"
326,579.098835,579.272000,0.173165,,0.411859,"[300,650)"
327,580.136959,580.448000,0.311041,,0.400225,"[300,650)"
328,581.946576,582.424000,0.477424,,0.420356,"[300,650)"
329,583.236088,583.512000,0.275912,,0.416994,"[300,650)"
330,584.561706,584.512000,0.049706,,0.427516,"[300,650)"
331,585.984563,586.600000,0.615437,,0.400769,"[300,650)"
332,586.742772,586.600000,0.142772,,0.401046,"[300,650)"
333,588.139663,588.280000,0.140337,,0.398738,"[300,650)"
334,590.660398,590.896000,0.235602,,0.407162,"[300,650)"
335,591.725858,591.728000,0.002142,,0.411466,"[300,650)"
336,592.571358,591.728000,0.843358,,0.408126,"[300,650)"
337,593.974715,594.256000,0.281285,,0.394159,"[300,650)"
338,595.728154,596.512000,0.783846,,0.430731,"[300,650)"
339,596.362768,596.512000,0.149232,,0.434180,"[300,650)"
340,598.493077,598.592000,0.098923,,0.429021,"[300,650)"
341,599.545640,599.632000,0.086360,,0.412934,"[300,650)"
342,601.602137,601.624000,0.021863,,0.402510,"[300,650)"
343,602.579168,602.248000,0.331168,,0.410196,"[300,650)"
344,603.625619,603.352000,0.273619,,0.417225,"[300,650)"
345,604.616218,605.568000,0.951782,,0.412466,"[300,650)"
346,606.383460,606.472000,0.088540,,0.403265,"[300,650)"
347,608.413217,608.480000,0.066783,,0.428829,"[300,650)"
348,609.389575,609.064000,0.325575,,0.429864,"[300,650)"
349,610.839163,610.728000,0.111163,,0.431470,"[300,650)"
350,611.774210,610.728000,1.046210,,0.428039,"[300,650)"
351,613.599779,613.816000,0.216221,,0.424881,"[300,650)"
352,614.646238,615.224000,0.577762,,0.435321,"[300,650)"
353,615.538563,615.224000,0.314563,,0.428982,"[300,650)"
354,618.112831,617.440000,0.672831,,0.409883,"[300,650)"
355,619.184483,619.520000,0.335517,,0.436940,"[300,650)"
356,620.272894,620.104000,0.168894,,0.413345,"[300,650)"
357,621.709295,622.032000,0.322705,,0.431314,"[300,650)"
358,622.375003,622.688000,0.312997,,0.423374,"[300,650)"
359,624.269900,624.000000,0.269900,,0.404733,"[300,650)"
360,626.019283,626.536000,0.516717,,0.380868,"[300,650)"
361,627.268397,627.024000,0.244397,,0.412949,"[300,650)"
362,628.325862,628.768000,0.442138,,0.411880,"[300,650)"
363,630.473887,631.088000,0.614113,,0.417001,"[300,650)"
364,630.805781,631.088000,0.282219,,0.418236,"[300,650)"
365,632.225141,632.488000,0.262859,,0.415030,"[300,650)"
366,633.546858,633.528000,0.018858,,0.391747,"[300,650)"
367,635.523800,634.904000,0.619800,,0.413536,"[300,650)"
368,637.397193,637.328000,0.069193,,0.404848,"[300,650)"
369,637.925514,637.328000,0.597514,,0.428867,"[300,650)"
370,638.927938,638.920000,0.007938,,0.434415,"[300,650)"
371,640.694795,641.136000,0.441205,,0.443180,"[300,650)"
372,641.945500,641.768000,0.177500,,0.425813,"[300,650)"
373,643.278884,643.352000,0.073116,,0.405630,"[300,650)"
374,644.990578,644.856000,0.134578,,0.384611,"[300,650)"
375,646.348192,645.784000,0.564192,,0.417449,"[300,650)"
376,647.761753,647.600000,0.161753,,0.423866,"[300,650)"
377,648.786401,648.984000,0.197599,,0.433323,"[300,650)"
378,650.197519,649.664000,0.533519,,0.429980,"[650,1000)"
379,650.668684,649.664000,1.004684,,0.427850,"[650,1000)"
380,653.649572,653.296000,0.353572,,0.406289,"[650,1000)"
381,654.301921,654.200000,0.101921,,0.427148,"[650,1000)"
382,655.709463,655.880000,0.170537,,0.439218,"[650,1000)"
383,656.964085,656.208000,0.756085,,0.438137,"[650,1000)"
384,658.175614,658.944000,0.768386,,0.423926,"[650,1000)"
385,659.663846,659.568000,0.095846,,0.423169,"[650,1000)"
386,660.716733,661.224000,0.507267,,0.425818,"[650,1000)"
387,662.296586,662.488000,0.191414,,0.415554,"[650,1000)"
388,664.244605,663.000000,1.244605,,0.412358,"[650,1000)"
389,665.342763,665.984000,0.641237,,0.408639,"[650,1000)"
390,666.515148,665.984000,0.531148,,0.411517,"[650,1000)"
391,667.148495,668.088000,0.939505,,0.412050,"[650,1000)"
392,668.975849,668.328000,0.647849,,0.414940,"[650,1000)"
393,670.323585,670.704000,0.380415,,0.404459,"[650,1000)"
394,672.458184,672.880000,0.421816,,0.418870,"[650,1000)"
395,673.043578,672.880000,0.163578,,0.412763,"[650,1000)"
396,674.355898,673.944000,0.411898,,0.427272,"[650,1000)"
397,676.139674,676.856000,0.716326,,0.433034,"[650,1000)"
398,677.230181,676.856000,0.374181,,0.408524,"[650,1000)"
399,677.800445,677.792000,0.008445,,0.409162,"[650,1000)"
400,679.742198,678.984000,0.758198,,0.441861,"[650,1000)"
401,681.894992,682.216000,0.321008,,0.423253,"[650,1000)"
402,682.602735,682.216000,0.386735,,0.428263,"[650,1000)"
403,684.013550,683.976000,0.037550,,0.429614,"[650,1000)"
404,684.972630,684.864000,0.108630,,0.416774,"[650,1000)"
405,686.163224,685.280000,0.883224,,0.424610,"[650,1000)"
406,687.961543,687.696000,0.265543,,0.425303,"[650,1000)"
407,689.368941,689.184000,0.184941,,0.424021,"[650,1000)"
408,690.474735,690.488000,0.013265,,0.401315,"[650,1000)"
409,692.451684,692.488000,0.036316,,0.439409,"[650,1000)"
410,693.176970,692.952000,0.224970,,0.424094,"[650,1000)"
411,694.533909,693.664000,0.869909,,0.399825,"[650,1000)"
412,695.726336,695.664000,0.062336,,0.405845,"[650,1000)"
413,696.626070,696.632000,0.005930,,0.422673,"[650,1000)"
414,699.132095,699.064000,0.068095,,0.412430,"[650,1000)"
415,700.296739,700.192000,0.104739,,0.399316,"[650,1000)"
416,701.301743,701.144000,0.157743,,0.424170,"[650,1000)"
417,702.227343,702.304000,0.076657,,0.403367,"[650,1000)"
418,704.033839,704.184000,0.150161,,0.393392,"[650,1000)"
419,705.125814,705.096000,0.029814,,0.394299,"[650,1000)"
420,706.184655,705.672000,0.512655,,0.383552,"[650,1000)"
421,708.269071,708.336000,0.066929,,0.422137,"[650,1000)"
422,709.229589,710.088000,0.858411,,0.416537,"[650,1000)"
423,711.130274,710.776000,0.354274,,0.418418,"[650,1000)"
424,711.900290,711.792000,0.108290,,0.426891,"[650,1000)"
425,712.749383,713.432000,0.682617,,0.423030,"[650,1000)"
426,714.082772,714.144000,0.061228,,0.424228,"[650,1000)"
427,716.112396,715.880000,0.232396,,0.430108,"[650,1000)"
428,717.482570,718.000000,0.517430,,0.438809,"[650,1000)"
429,718.742787,718.320000,0.422787,,0.408853,"[650,1000)"
430,719.697101,719.336000,0.361101,,0.421572,"[650,1000)"
431,721.351162,722.424000,1.072838,,0.398650,"[650,1000)"
432,722.277505,722.424000,0.146495,,0.410491,"[650,1000)"
433,723.845821,723.232000,0.613821,,0.429047,"[650,1000)"
434,724.562614,724.872000,0.309386,,0.419779,"[650,1000)"
435,727.056403,726.736000,0.320403,,0.414878,"[650,1000)"
436,728.405482,727.744000,0.661482,,0.432101,"[650,1000)"
437,728.758750,729.080000,0.321250,,0.440371,"[650,1000)"
438,730.416482,731.144000,0.727518,,0.421479,"[650,1000)"
439,731.417355,731.144000,0.273355,,0.417532,"[650,1000)"
440,732.818053,732.912000,0.093947,,0.449484,"[650,1000)"
441,734.789643,735.224000,0.434357,,0.432954,"[650,1000)"
442,735.765459,735.224000,0.541459,,0.411110,"[650,1000)"
443,737.052929,736.944000,0.108929,,0.396761,"[650,1000)"
444,738.580421,739.160000,0.579579,,0.438751,"[650,1000)"
445,739.909524,740.216000,0.306476,,0.410954,"[650,1000)"
446,740.573807,740.216000,0.357807,,0.423342,"[650,1000)"
447,741.757336,741.224000,0.533336,,0.417050,"[650,1000)"
448,743.895013,744.432000,0.536987,,0.427996,"[650,1000)"
449,745.344990,745.128000,0.216990,,0.410720,"[650,1000)"
450,746.499306,746.472000,0.027306,,0.413781,"[650,1000)"
451,747.674564,747.680000,0.005436,,0.432156,"[650,1000)"
452,748.242754,748.120000,0.122754,,0.414588,"[650,1000)"
453,750.655950,750.544000,0.111950,,0.427581,"[650,1000)"
454,750.966381,750.544000,0.422381,,0.424071,"[650,1000)"
455,752.887622,752.712000,0.175622,,0.431138,"[650,1000)"
456,754.322370,754.200000,0.122370,,0.428397,"[650,1000)"
457,755.839309,755.856000,0.016691,,0.400511,"[650,1000)"
458,756.768248,756.264000,0.504248,,0.412477,"[650,1000)"
459,758.101729,757.840000,0.261729,,0.416595,"[650,1000)"
460,758.900238,758.696000,0.204238,,0.425043,"[650,1000)"
461,760.282367,760.752000,0.469633,,0.407374,"[650,1000)"
462,762.700033,762.896000,0.195967,,0.418214,"[650,1000)"
463,763.593066,762.896000,0.697066,,0.431675,"[650,1000)"
464,764.307523,764.952000,0.644477,,0.428642,"[650,1000)"
465,766.087540,766.232000,0.144460,,0.420074,"[650,1000)"
466,767.218472,767.736000,0.517528,,0.416837,"[650,1000)"
467,768.281462,768.456000,0.174538,,0.415520,"[650,1000)"
468,769.693407,769.960000,0.266593,,0.420320,"[650,1000)"
469,771.070839,770.776000,0.294839,,0.417735,"[650,1000)"
470,772.961618,772.792000,0.169618,,0.427654,"[650,1000)"
471,774.117745,774.040000,0.077745,,0.405171,"[650,1000)"
472,775.047847,774.736000,0.311847,,0.399854,"[650,1000)"
473,775.999712,774.736000,1.263712,,0.398328,"[650,1000)"
474,777.299749,777.624000,0.324251,,0.411433,"[650,1000)"
475,779.157077,779.472000,0.314923,,0.411488,"[650,1000)"
476,780.348925,779.472000,0.876925,,0.420598,"[650,1000)"
477,782.137664,781.944000,0.193664,,0.408919,"[650,1000)"
478,782.597944,782.512000,0.085944,,0.404614,"[650,1000)"
479,784.288823,784.272000,0.016823,,0.409603,"[650,1000)"
480,785.739090,785.808000,0.068910,,0.424459,"[650,1000)"
481,786.461147,786.296000,0.165147,,0.434986,"[650,1000)"
482,787.468464,787.552000,0.083536,,0.420707,"[650,1000)"
483,790.059092,790.216000,0.156908,,0.431456,"[650,1000)"
484,790.831620,790.544000,0.287620,,0.404788,"[650,1000)"
485,792.427708,792.336000,0.091708,,0.406071,"[650,1000)"
486,792.888653,792.336000,0.552653,,0.424629,"[650,1000)"
487,794.483792,794.232000,0.251792,,0.432978,"[650,1000)"
488,795.606596,795.600000,0.006596,,0.425397,"[650,1000)"
489,797.263470,797.488000,0.224530,,0.417952,"[650,1000)"
490,798.707570,798.088000,0.619570,,0.423736,"[650,1000)"
491,799.654336,799.792000,0.137664,,0.423262,"[650,1000)"
492,801.604246,800.960000,0.644246,,0.419842,"[650,1000)"
493,802.541985,803.192000,0.650015,,0.416397,"[650,1000)"
494,803.243096,803.192000,0.051096,,0.422233,"[650,1000)"
495,804.762239,804.784000,0.021761,,0.408812,"[650,1000)"
496,805.861636,805.528000,0.333636,,0.391651,"[650,1000)"
497,808.151815,808.584000,0.432185,,0.427438,"[650,1000)"
498,809.197783,808.984000,0.213783,,0.445325,"[650,1000)"
499,810.081805,809.736000,0.345805,,0.434995,"[650,1000)"
500,811.184359,811.016000,0.168359,,0.414785,"[650,1000)"
501,812.771108,813.224000,0.452892,,0.408523,"[650,1000)"
502,814.045914,813.224000,0.821914,,0.419205,"[650,1000)"
503,814.870540,815.256000,0.385460,,0.412678,"[650,1000)"
504,816.727738,817.448000,0.720262,,0.453537,"[650,1000)"
505,818.380669,819.040000,0.659331,,0.428946,"[650,1000)"
506,819.204642,819.040000,0.164642,,0.434339,"[650,1000)"
507,820.721898,820.552000,0.169898,,0.405906,"[650,1000)"
508,821.713454,821.624000,0.089454,,0.408772,"[650,1000)"
509,822.197757,821.624000,0.573757,,0.411727,"[650,1000)"
510,824.526294,825.016000,0.489706,,0.410709,"[650,1000)"
511,826.039287,825.552000,0.487287,,0.402560,"[650,1000)"
512,826.905811,826.824000,0.081811,,0.392805,"[650,1000)"
513,828.340174,828.648000,0.307826,,0.395768,"[650,1000)"
514,829.437011,829.104000,0.333011,,0.416013,"[650,1000)"
515,830.895884,831.080000,0.184116,,0.427263,"[650,1000)"
516,831.799778,831.672000,0.127778,,0.417315,"[650,1000)"
517,833.003641,833.256000,0.252359,,0.440661,"[650,1000)"
518,834.651915,834.848000,0.196085,,0.406899,"[650,1000)"
519,836.693576,836.408000,0.285576,,0.435004,"[650,1000)"
520,837.347335,836.408000,0.939335,,0.422602,"[650,1000)"
521,838.249022,839.664000,1.414978,,0.414886,"[650,1000)"
522,839.465395,839.664000,0.198605,,0.426106,"[650,1000)"
523,841.036390,841.304000,0.267610,,0.412238,"[650,1000)"
524,842.041354,841.304000,0.737354,,0.416916,"[650,1000)"
525,844.166197,843.680000,0.486197,,0.410366,"[650,1000)"
526,844.805994,845.272000,0.466006,,0.402344,"[650,1000)"
527,846.194770,846.280000,0.085230,,0.404242,"[650,1000)"
528,847.971718,848.544000,0.572282,,0.430678,"[650,1000)"
529,848.489281,848.544000,0.054719,,0.457974,"[650,1000)"
530,849.862274,849.712000,0.150274,,0.441230,"[650,1000)"
531,850.645448,850.520000,0.125448,,0.417218,"[650,1000)"
532,853.163113,853.008000,0.155113,,0.429476,"[650,1000)"
533,854.095512,853.896000,0.199512,,0.443953,"[650,1000)"
534,855.286710,856.000000,0.713290,,0.433209,"[650,1000)"
535,856.484117,856.408000,0.076117,,0.401418,"[650,1000)"
536,857.310741,856.408000,0.902741,,0.416915,"[650,1000)"
537,858.904026,859.008000,0.103974,,0.431161,"[650,1000)"
538,860.410671,860.464000,0.053329,,0.441934,"[650,1000)"
539,861.171098,861.008000,0.163098,,0.425254,"[650,1000)"
540,863.189720,863.112000,0.077720,,0.397385,"[650,1000)"
541,864.340824,864.168000,0.172824,,0.421305,"[650,1000)"
542,865.594664,865.400000,0.194664,,0.426666,"[650,1000)"
543,866.423740,865.400000,1.023740,,0.426591,"[650,1000)"
544,867.693123,867.536000,0.157123,,0.421053,"[650,1000)"
545,868.670494,868.752000,0.081506,,0.423984,"[650,1000)"
546,870.846902,870.768000,0.078902,,0.414979,"[650,1000)"
547,872.188751,870.768000,1.420751,,0.415971,"[650,1000)"
548,873.098979,873.936000,0.837021,,0.418710,"[650,1000)"
549,873.908389,873.936000,0.027611,,0.407910,"[650,1000)"
550,875.985285,876.424000,0.438715,,0.390764,"[650,1000)"
551,876.600826,876.512000,0.088826,,0.404619,"[650,1000)"
552,877.654698,877.680000,0.025302,,0.433335,"[650,1000)"
553,879.380952,879.288000,0.092952,,0.388666,"[650,1000)"
554,880.834649,880.424000,0.410649,,0.395920,"[650,1000)"
555,882.386697,882.640000,0.253303,,0.420511,"[650,1000)"
556,883.430332,883.560000,0.129668,,0.415943,"[650,1000)"
557,884.198743,883.952000,0.246743,,0.420900,"[650,1000)"
558,885.272304,884.560000,0.712304,,0.419912,"[650,1000)"
559,886.852802,886.584000,0.268802,,0.399846,"[650,1000)"
560,888.475567,887.920000,0.555567,,0.392908,"[650,1000)"
561,889.735294,889.760000,0.024706,,0.423260,"[650,1000)"
562,890.813132,891.104000,0.290868,,0.412565,"[650,1000)"
563,892.386433,893.152000,0.765567,,0.388465,"[650,1000)"
564,893.119118,893.152000,0.032882,,0.407812,"[650,1000)"
565,894.886292,895.064000,0.177708,,0.419899,"[650,1000)"
566,895.397920,895.544000,0.146080,,0.426426,"[650,1000)"
567,896.632252,896.496000,0.136252,,0.409257,"[650,1000)"
568,899.221523,899.496000,0.274477,,0.415967,"[650,1000)"
569,899.858885,899.496000,0.362885,,0.427004,"[650,1000)"
570,900.849740,900.824000,0.025740,,0.385034,"[650,1000)"
571,902.243208,901.944000,0.299208,,0.410619,"[650,1000)"
572,903.099674,902.928000,0.171674,,0.433924,"[650,1000)"
573,904.702903,904.864000,0.161097,,0.402467,"[650,1000)"
574,905.829941,905.760000,0.069941,,0.417502,"[650,1000)"
575,907.656729,907.464000,0.192729,,0.403509,"[650,1000)"
576,908.333544,907.928000,0.405544,,0.402764,"[650,1000)"
577,910.186334,909.928000,0.258334,,0.381422,"[650,1000)"
578,911.234951,910.864000,0.370951,,0.415493,"[650,1000)"
579,912.331046,912.288000,0.043046,,0.422746,"[650,1000)"
580,912.823999,912.288000,0.535999,,0.438818,"[650,1000)"
581,914.730097,914.688000,0.042097,,0.402746,"[650,1000)"
582,916.355001,916.072000,0.283001,,0.413327,"[650,1000)"
583,917.825378,917.440000,0.385378,,0.416978,"[650,1000)"
584,918.836535,918.624000,0.212535,,0.404520,"[650,1000)"
585,919.448344,920.008000,0.559656,,0.414614,"[650,1000)"
586,921.156396,921.632000,0.475604,,0.424399,"[650,1000)"
587,922.500629,922.400000,0.100629,,0.396256,"[650,1000)"
588,923.285720,923.280000,0.005720,,0.407739,"[650,1000)"
589,924.773484,925.008000,0.234516,,0.401823,"[650,1000)"
590,926.551553,926.216000,0.335553,,0.430429,"[650,1000)"
591,927.850859,928.000000,0.149141,,0.423625,"[650,1000)"
592,928.663659,928.400000,0.263659,,0.449553,"[650,1000)"
593,929.874093,930.224000,0.349907,,0.425304,"[650,1000)"
594,931.009211,930.560000,0.449211,,0.417963,"[650,1000)"
595,931.852741,932.160000,0.307259,,0.420733,"[650,1000)"
596,934.385307,934.328000,0.057307,,0.413925,"[650,1000)"
597,934.995425,935.568000,0.572575,,0.406687,"[650,1000)"
598,936.228649,936.416000,0.187351,,0.406599,"[650,1000)"
599,937.532926,937.408000,0.124926,,0.419517,"[650,1000)"
600,939.024301,939.584000,0.559699,,0.442884,"[650,1000)"
601,939.660941,939.584000,0.076941,,0.464969,"[650,1000)"
602,941.157000,941.376000,0.219000,,0.423285,"[650,1000)"
603,942.052342,941.376000,0.676342,,0.409601,"[650,1000)"
604,944.188036,944.320000,0.131964,,0.413497,"[650,1000)"
605,945.333563,945.576000,0.242437,,0.412167,"[650,1000)"
606,946.765842,946.176000,0.589842,,0.422036,"[650,1000)"
607,947.079183,947.960000,0.880817,,0.422379,"[650,1000)"
608,948.346646,947.960000,0.386646,,0.431565,"[650,1000)"
609,950.151613,949.776000,0.375613,,0.431960,"[650,1000)"
610,951.033249,951.168000,0.134751,,0.412619,"[650,1000)"
611,952.727989,952.560000,0.167989,,0.401431,"[650,1000)"
612,954.129719,954.616000,0.486281,,0.421134,"[650,1000)"
613,954.829309,954.616000,0.213309,,0.393196,"[650,1000)"
614,956.675479,956.304000,0.371479,,0.393416,"[650,1000)"
615,957.510053,957.856000,0.345947,,0.417415,"[650,1000)"
616,958.414593,958.576000,0.161407,,0.422340,"[650,1000)"
617,959.459169,959.592000,0.132831,,0.417343,"[650,1000)"
618,961.669572,961.488000,0.181572,,0.421263,"[650,1000)"
619,963.182087,963.384000,0.201913,,0.406500,"[650,1000)"
620,963.567040,963.696000,0.128960,,0.383868,"[650,1000)"
621,965.055580,965.104000,0.048420,,0.435115,"[650,1000)"
622,966.110755,966.208000,0.097245,,0.432987,"[650,1000)"
623,967.371154,967.896000,0.524846,,0.417779,"[650,1000)"
624,968.636302,968.696000,0.059698,,0.422517,"[650,1000)"
625,970.125611,970.368000,0.242389,,0.408333,"[650,1000)"
626,971.071491,970.888000,0.183491,,0.425195,"[650,1000)"
627,973.185361,972.960000,0.225361,,0.419432,"[650,1000)"
628,973.873079,973.496000,0.377079,,0.430438,"[650,1000)"
629,974.774635,974.688000,0.086635,,0.422110,"[650,1000)"
630,976.178502,976.408000,0.229498,,0.430939,"[650,1000)"
631,976.917202,976.752000,0.165202,,0.424339,"[650,1000)"
632,978.766672,978.912000,0.145328,,0.418867,"[650,1000)"
633,980.578001,981.464000,0.885999,,0.455358,"[650,1000)"
634,981.288615,981.464000,0.175385,,0.437176,"[650,1000)"
635,982.396485,982.696000,0.299515,,0.418676,"[650,1000)"
636,983.575076,983.144000,0.431076,,0.414910,"[650,1000)"
637,985.186929,986.216000,1.029071,,0.415268,"[650,1000)"
638,986.130515,986.216000,0.085485,,0.417719,"[650,1000)"
639,986.756008,986.712000,0.044008,,0.409068,"[650,1000)"
640,988.992622,988.936000,0.056622,,0.412153,"[650,1000)"
641,990.223918,989.200000,1.023918,,0.426127,"[650,1000)"
642,991.374294,991.888000,0.513706,,0.423159,"[650,1000)"
643,992.728696,993.224000,0.495304,,0.409505,"[650,1000)"
644,993.214581,993.224000,0.009419,,0.408267,"[650,1000)"
645,994.404591,995.120000,0.715409,,0.430057,"[650,1000)"
646,996.205336,996.064000,0.141336,,0.437670,"[650,1000)"
647,997.511935,997.744000,0.232065,,0.430864,"[650,1000)"
648,998.827547,998.448000,0.379547,,0.416014,"[650,1000)"
649,999.791572,999.608000,0.183572,,0.403546,"[650,1000)"
650,1001.349483,1001.152000,0.197483,,0.410037,"[1000,1420)"
651,1002.404305,1002.528000,0.123695,,0.419643,"[1000,1420)"
652,1003.267808,1003.568000,0.300192,,0.419603,"[1000,1420)"
653,1004.675044,1004.984000,0.308956,,0.401417,"[1000,1420)"
654,1005.543420,1005.472000,0.071420,,0.417204,"[1000,1420)"
655,1008.006704,1008.144000,0.137296,,0.415746,"[1000,1420)"
656,1008.795710,1008.464000,0.331710,,0.410374,"[1000,1420)"
657,1009.806591,1009.752000,0.054591,,0.406085,"[1000,1420)"
658,1010.569757,1010.648000,0.078243,,0.427081,"[1000,1420)"
659,1012.410043,1012.176000,0.234043,,0.407930,"[1000,1420)"
660,1013.058638,1013.344000,0.285362,,0.419959,"[1000,1420)"
661,1014.689633,1014.760000,0.070367,,0.429859,"[1000,1420)"
662,1016.060179,1015.600000,0.460179,,0.387309,"[1000,1420)"
663,1017.266402,1017.072000,0.194402,,0.411011,"[1000,1420)"
664,1018.605573,1018.720000,0.114427,,0.426840,"[1000,1420)"
665,1019.912440,1019.944000,0.031560,,0.441647,"[1000,1420)"
666,1020.917475,1020.384000,0.533475,,0.408168,"[1000,1420)"
667,1021.544344,1022.232000,0.687656,,0.406931,"[1000,1420)"
668,1022.885271,1023.016000,0.130729,,0.405427,"[1000,1420)"
669,1025.265724,1025.160000,0.105724,,0.433170,"[1000,1420)"
670,1025.707944,1025.776000,0.068056,,0.423650,"[1000,1420)"
671,1027.467694,1027.800000,0.332306,,0.406149,"[1000,1420)"
672,1028.128964,1028.296000,0.167036,,0.413334,"[1000,1420)"
673,1029.227297,1028.296000,0.931297,,0.410777,"[1000,1420)"
674,1030.897369,1030.872000,0.025369,,0.423891,"[1000,1420)"
675,1031.833180,1032.704000,0.870820,,0.427326,"[1000,1420)"
676,1032.812883,1032.704000,0.108883,,0.405122,"[1000,1420)"
677,1034.612916,1034.400000,0.212916,,0.417338,"[1000,1420)"
678,1036.195917,1036.032000,0.163917,,0.390574,"[1000,1420)"
679,1037.024708,1036.480000,0.544708,,0.396057,"[1000,1420)"
680,1038.087752,1037.944000,0.143752,,0.441398,"[1000,1420)"
681,1039.077401,1039.584000,0.506599,,0.426989,"[1000,1420)"
682,1040.264038,1039.584000,0.680038,,0.428257,"[1000,1420)"
683,1041.621528,1041.776000,0.154472,,0.405869,"[1000,1420)"
684,1043.623954,1043.760000,0.136046,,0.412032,"[1000,1420)"
685,1044.514976,1044.064000,0.450976,,0.408669,"[1000,1420)"
686,1045.107042,1044.064000,1.043042,,0.410834,"[1000,1420)"
687,1047.089817,1048.432000,1.342183,,0.428463,"[1000,1420)"
688,1047.987147,1048.432000,0.444853,,0.410183,"[1000,1420)"
689,1048.953785,1048.904000,0.049785,,0.414640,"[1000,1420)"
690,1049.996284,1049.880000,0.116284,,0.420364,"[1000,1420)"
691,1051.576572,1051.536000,0.040572,,0.437868,"[1000,1420)"
692,1053.245785,1053.216000,0.029785,,0.415300,"[1000,1420)"
693,1054.781039,1055.240000,0.458961,,0.418324,"[1000,1420)"
694,1055.002146,1055.240000,0.237854,,0.422319,"[1000,1420)"
695,1056.688847,1056.400000,0.288847,,0.423406,"[1000,1420)"
696,1057.100044,1056.400000,0.700044,,0.424785,"[1000,1420)"
697,1059.133769,1058.696000,0.437769,,0.418321,"[1000,1420)"
698,1060.139519,1059.832000,0.307519,,0.422029,"[1000,1420)"
699,1061.501304,1061.440000,0.061304,,0.405958,"[1000,1420)"
700,1062.915382,1063.336000,0.420618,,0.445993,"[1000,1420)"
701,1064.071551,1063.728000,0.343551,,0.407818,"[1000,1420)"
702,1065.121855,1064.992000,0.129855,,0.426328,"[1000,1420)"
703,1066.463223,1066.992000,0.528777,,0.421214,"[1000,1420)"
704,1067.418860,1067.512000,0.093140,,0.423333,"[1000,1420)"
705,1067.990000,1067.840000,0.150000,,0.412865,"[1000,1420)"
706,1070.535042,1070.552000,0.016958,,0.415224,"[1000,1420)"
707,1071.618623,1071.912000,0.293377,,0.433756,"[1000,1420)"
708,1072.543998,1072.392000,0.151998,,0.419510,"[1000,1420)"
709,1073.570353,1073.792000,0.221647,,0.414922,"[1000,1420)"
710,1074.747771,1074.904000,0.156229,,0.414064,"[1000,1420)"
711,1076.266626,1076.232000,0.034626,,0.412174,"[1000,1420)"
712,1076.924056,1077.064000,0.139944,,0.391125,"[1000,1420)"
713,1078.647198,1078.408000,0.239198,,0.413872,"[1000,1420)"
714,1079.809965,1079.992000,0.182035,,0.403217,"[1000,1420)"
715,1081.171002,1081.024000,0.147002,,0.377737,"[1000,1420)"
716,1082.952750,1082.416000,0.536750,,0.416478,"[1000,1420)"
717,1083.295467,1084.120000,0.824533,,0.421788,"[1000,1420)"
718,1084.183264,1084.120000,0.063264,,0.407227,"[1000,1420)"
719,1085.647831,1085.616000,0.031831,,0.440316,"[1000,1420)"
720,1086.911999,1086.544000,0.367999,,0.450713,"[1000,1420)"
721,1088.755725,1088.824000,0.068275,,0.424642,"[1000,1420)"
722,1089.795338,1090.432000,0.636662,,0.447306,"[1000,1420)"
723,1090.863191,1091.256000,0.392809,,0.442972,"[1000,1420)"
724,1091.728473,1091.768000,0.039527,,0.419345,"[1000,1420)"
725,1093.440873,1094.032000,0.591127,,0.417598,"[1000,1420)"
726,1094.284458,1094.032000,0.252458,,0.411477,"[1000,1420)"
727,1095.433085,1095.440000,0.006915,,0.420562,"[1000,1420)"
728,1096.401918,1096.744000,0.342082,,0.407298,"[1000,1420)"
729,1098.841015,1098.616000,0.225015,,0.428155,"[1000,1420)"
730,1099.360667,1099.512000,0.151333,,0.411761,"[1000,1420)"
731,1100.574461,1100.544000,0.030461,,0.428849,"[1000,1420)"
732,1101.839111,1101.608000,0.231111,,0.401598,"[1000,1420)"
733,1102.551780,1101.608000,0.943780,,0.422397,"[1000,1420)"
734,1103.732297,1103.784000,0.051703,,0.421768,"[1000,1420)"
735,1105.617189,1105.776000,0.158811,,0.402909,"[1000,1420)"
736,1106.774372,1107.344000,0.569628,,0.425863,"[1000,1420)"
737,1107.774532,1107.344000,0.430532,,0.427306,"[1000,1420)"
738,1109.158919,1109.936000,0.777081,,0.411181,"[1000,1420)"
739,1110.444143,1110.264000,0.180143,,0.427675,"[1000,1420)"
740,1111.443505,1110.984000,0.459505,,0.432871,"[1000,1420)"
741,1112.432995,1112.632000,0.199005,,0.425380,"[1000,1420)"
742,1113.397595,1113.616000,0.218405,,0.430691,"[1000,1420)"
743,1115.065359,1115.160000,0.094641,,0.422410,"[1000,1420)"
744,1116.787254,1116.712000,0.075254,,0.418931,"[1000,1420)"
745,1117.965920,1117.600000,0.365920,,0.412887,"[1000,1420)"
746,1118.684135,1117.600000,1.084135,,0.405056,"[1000,1420)"
747,1119.473247,1119.904000,0.430753,,0.412960,"[1000,1420)"
748,1121.155938,1121.664000,0.508062,,0.414266,"[1000,1420)"
749,1122.458621,1122.416000,0.042621,,0.418762,"[1000,1420)"
750,1123.101117,1123.656000,0.554883,,0.414438,"[1000,1420)"
751,1125.314729,1125.304000,0.010729,,0.418744,"[1000,1420)"
752,1125.763442,1125.304000,0.459442,,0.427611,"[1000,1420)"
753,1127.658024,1127.720000,0.061976,,0.443643,"[1000,1420)"
754,1128.430225,1127.720000,0.710225,,0.417070,"[1000,1420)"
755,1129.728997,1129.600000,0.128997,,0.395020,"[1000,1420)"
756,1130.391598,1130.256000,0.135598,,0.410051,"[1000,1420)"
757,1131.495086,1131.992000,0.496914,,0.426205,"[1000,1420)"
758,1133.708626,1133.728000,0.019374,,0.435214,"[1000,1420)"
759,1134.885655,1134.768000,0.117655,,0.436308,"[1000,1420)"
760,1135.562214,1135.560000,0.002214,,0.401835,"[1000,1420)"
761,1136.929293,1137.080000,0.150707,,0.417813,"[1000,1420)"
762,1138.151590,1137.480000,0.671590,,0.427481,"[1000,1420)"
763,1138.992342,1139.880000,0.887658,,0.430802,"[1000,1420)"
764,1140.721848,1140.968000,0.246152,,0.409823,"[1000,1420)"
765,1141.261023,1141.376000,0.114977,,0.410325,"[1000,1420)"
766,1142.858660,1143.360000,0.501340,,0.430953,"[1000,1420)"
767,1144.782300,1145.272000,0.489700,,0.405983,"[1000,1420)"
768,1145.485328,1145.272000,0.213328,,0.409686,"[1000,1420)"
769,1146.576815,1146.616000,0.039185,,0.411789,"[1000,1420)"
770,1147.501777,1148.368000,0.866223,,0.422798,"[1000,1420)"
771,1148.615277,1148.368000,0.247277,,0.404908,"[1000,1420)"
772,1149.982601,1149.936000,0.046601,,0.395751,"[1000,1420)"
773,1151.562815,1151.128000,0.434815,,0.421406,"[1000,1420)"
774,1152.943129,1152.456000,0.487129,,0.425509,"[1000,1420)"
775,1153.890304,1153.968000,0.077696,,0.430784,"[1000,1420)"
776,1154.697520,1153.968000,0.729520,,0.437002,"[1000,1420)"
777,1156.621568,1156.912000,0.290432,,0.412759,"[1000,1420)"
778,1157.432315,1157.712000,0.279685,,0.414580,"[1000,1420)"
779,1158.001609,1157.944000,0.057609,,0.414191,"[1000,1420)"
780,1159.480657,1159.536000,0.055343,,0.387954,"[1000,1420)"
781,1161.396645,1161.112000,0.284645,,0.434083,"[1000,1420)"
782,1162.487529,1162.568000,0.080471,,0.424304,"[1000,1420)"
783,1163.701032,1163.688000,0.013032,,0.433347,"[1000,1420)"
784,1164.737586,1164.416000,0.321586,,0.414783,"[1000,1420)"
785,1165.271228,1165.528000,0.256772,,0.406924,"[1000,1420)"
786,1166.943613,1166.768000,0.175613,,0.403713,"[1000,1420)"
787,1168.086272,1168.440000,0.353728,,0.418008,"[1000,1420)"
788,1169.698357,1169.920000,0.221643,,0.410956,"[1000,1420)"
789,1170.463639,1170.704000,0.240361,,0.404512,"[1000,1420)"
790,1172.120682,1172.288000,0.167318,,0.414466,"[1000,1420)"
791,1173.305688,1173.112000,0.193688,,0.407285,"[1000,1420)"
792,1174.232767,1174.176000,0.056767,,0.420888,"[1000,1420)"
793,1175.215452,1174.616000,0.599452,,0.434386,"[1000,1420)"
794,1176.632876,1176.736000,0.103124,,0.436002,"[1000,1420)"
795,1177.106304,1177.184000,0.077696,,0.434390,"[1000,1420)"
796,1179.701224,1179.888000,0.186776,,0.425840,"[1000,1420)"
797,1180.653544,1180.848000,0.194456,,0.416717,"[1000,1420)"
798,1181.267318,1181.488000,0.220682,,0.426328,"[1000,1420)"
799,1182.582270,1182.560000,0.022270,,0.462826,"[1000,1420)"
800,1183.712775,1183.440000,0.272775,,0.443627,"[1000,1420)"
801,1185.155843,1185.344000,0.188157,,0.435355,"[1000,1420)"
802,1185.875359,1186.248000,0.372641,,0.421176,"[1000,1420)"
803,1187.345161,1186.888000,0.457161,,0.388170,"[1000,1420)"
804,1188.856444,1188.832000,0.024444,,0.404030,"[1000,1420)"
805,1189.963636,1190.304000,0.340364,,0.394858,"[1000,1420)"
806,1191.482606,1191.640000,0.157394,,0.418498,"[1000,1420)"
807,1192.218611,1192.168000,0.050611,,0.414407,"[1000,1420)"
808,1193.324021,1194.056000,0.731979,,0.406779,"[1000,1420)"
809,1193.857427,1194.056000,0.198573,,0.403155,"[1000,1420)"
810,1196.034672,1196.168000,0.133328,,0.417942,"[1000,1420)"
811,1197.071787,1196.616000,0.455787,,0.403458,"[1000,1420)"
812,1198.686569,1198.216000,0.470569,,0.440993,"[1000,1420)"
813,1199.356514,1200.168000,0.811486,,0.445263,"[1000,1420)"
814,1200.532692,1200.168000,0.364692,,0.413982,"[1000,1420)"
815,1201.810335,1201.264000,0.546335,,0.413995,"[1000,1420)"
816,1203.137351,1203.432000,0.294649,,0.393685,"[1000,1420)"
817,1203.855248,1203.432000,0.423248,,0.400803,"[1000,1420)"
818,1204.985492,1205.712000,0.726508,,0.421084,"[1000,1420)"
819,1206.870500,1207.512000,0.641500,,0.383472,"[1000,1420)"
820,1208.471460,1208.352000,0.119460,,0.410196,"[1000,1420)"
821,1208.989484,1209.144000,0.154516,,0.398261,"[1000,1420)"
822,1209.898030,1210.416000,0.517970,,0.412532,"[1000,1420)"
823,1211.416116,1211.296000,0.120116,,0.439116,"[1000,1420)"
824,1212.113153,1211.600000,0.513153,,0.429735,"[1000,1420)"
825,1213.598373,1213.320000,0.278373,,0.439727,"[1000,1420)"
826,1215.389975,1215.064000,0.325975,,0.418750,"[1000,1420)"
827,1216.183722,1215.976000,0.207722,,0.429922,"[1000,1420)"
828,1217.174482,1217.400000,0.225518,,0.408596,"[1000,1420)"
829,1219.050028,1219.048000,0.002028,,0.407563,"[1000,1420)"
830,1219.614471,1219.048000,0.566471,,0.414939,"[1000,1420)"
831,1220.816348,1220.656000,0.160348,,0.430564,"[1000,1420)"
832,1221.692242,1221.672000,0.020242,,0.424872,"[1000,1420)"
833,1222.952484,1221.896000,1.056484,,0.415365,"[1000,1420)"
834,1225.018330,1224.856000,0.162330,,0.393776,"[1000,1420)"
835,1225.855021,1225.888000,0.032979,,0.398551,"[1000,1420)"
836,1227.231828,1227.576000,0.344172,,0.432523,"[1000,1420)"
837,1227.917142,1227.576000,0.341142,,0.419567,"[1000,1420)"
838,1228.793154,1227.576000,1.217154,,0.410384,"[1000,1420)"
839,1230.584603,1230.272000,0.312603,,0.410586,"[1000,1420)"
840,1231.562274,1231.680000,0.117726,,0.423985,"[1000,1420)"
841,1232.529587,1232.480000,0.049587,,0.419571,"[1000,1420)"
842,1234.277817,1234.344000,0.066183,,0.403890,"[1000,1420)"
843,1235.502549,1235.608000,0.105451,,0.420497,"[1000,1420)"
844,1236.399017,1235.992000,0.407017,,0.412450,"[1000,1420)"
845,1237.977299,1237.408000,0.569299,,0.415502,"[1000,1420)"
846,1238.457233,1238.632000,0.174767,,0.424954,"[1000,1420)"
847,1239.490807,1239.744000,0.253193,,0.421374,"[1000,1420)"
848,1240.813472,1240.568000,0.245472,,0.427066,"[1000,1420)"
849,1243.078076,1242.632000,0.446076,,0.422859,"[1000,1420)"
850,1243.538147,1243.968000,0.429853,,0.420778,"[1000,1420)"
851,1244.851434,1244.720000,0.131434,,0.423356,"[1000,1420)"
852,1245.655866,1244.720000,0.935866,,0.404338,"[1000,1420)"
853,1247.372562,1247.104000,0.268562,,0.415557,"[1000,1420)"
854,1248.063061,1248.240000,0.176939,,0.409862,"[1000,1420)"
855,1249.159888,1248.992000,0.167888,,0.412242,"[1000,1420)"
856,1250.672397,1250.576000,0.096397,,0.410450,"[1000,1420)"
857,1251.659832,1251.648000,0.011832,,0.419431,"[1000,1420)"
858,1253.673578,1253.624000,0.049578,,0.430125,"[1000,1420)"
859,1254.431328,1254.128000,0.303328,,0.428475,"[1000,1420)"
860,1255.408231,1255.584000,0.175769,,0.430421,"[1000,1420)"
861,1256.181214,1255.872000,0.309214,,0.420890,"[1000,1420)"
862,1257.541219,1257.320000,0.221219,,0.402737,"[1000,1420)"
863,1258.779233,1259.152000,0.372767,,0.425115,"[1000,1420)"
864,1260.344548,1260.520000,0.175452,,0.387522,"[1000,1420)"
865,1261.611717,1261.624000,0.012283,,0.411243,"[1000,1420)"
866,1262.556614,1262.232000,0.324614,,0.395686,"[1000,1420)"
867,1263.676733,1263.688000,0.011267,,0.419843,"[1000,1420)"
868,1264.957223,1264.784000,0.173223,,0.430486,"[1000,1420)"
869,1266.179038,1266.192000,0.012962,,0.415587,"[1000,1420)"
870,1267.200346,1266.616000,0.584346,,0.422785,"[1000,1420)"
871,1267.570572,1267.976000,0.405428,,0.416658,"[1000,1420)"
872,1270.118922,1269.512000,0.606922,,0.406593,"[1000,1420)"
873,1271.134300,1271.160000,0.025700,,0.382928,"[1000,1420)"
874,1272.083960,1272.280000,0.196040,,0.420367,"[1000,1420)"
875,1273.261145,1273.880000,0.618855,,0.430820,"[1000,1420)"
876,1274.196221,1274.168000,0.028221,,0.402832,"[1000,1420)"
877,1275.092030,1275.056000,0.036030,,0.417520,"[1000,1420)"
878,1276.842172,1277.696000,0.853828,,0.460468,"[1000,1420)"
879,1277.763092,1277.696000,0.067092,,0.431511,"[1000,1420)"
880,1279.332843,1279.112000,0.220843,,0.422450,"[1000,1420)"
881,1280.155794,1279.968000,0.187794,,0.421600,"[1000,1420)"
882,1281.828727,1281.720000,0.108727,,0.421034,"[1000,1420)"
883,1283.000491,1282.984000,0.016491,,0.400323,"[1000,1420)"
884,1283.335032,1282.984000,0.351032,,0.413015,"[1000,1420)"
885,1284.854795,1285.352000,0.497205,,0.405482,"[1000,1420)"
886,1285.695023,1285.792000,0.096977,,0.402270,"[1000,1420)"
887,1287.410027,1288.400000,0.989973,,0.410750,"[1000,1420)"
888,1289.165352,1289.504000,0.338648,,0.435601,"[1000,1420)"
889,1290.104772,1289.504000,0.600772,,0.420548,"[1000,1420)"
890,1290.417708,1289.504000,0.913708,,0.419122,"[1000,1420)"
891,1291.945871,1292.048000,0.102129,,0.432288,"[1000,1420)"
892,1293.493982,1294.312000,0.818018,,0.401607,"[1000,1420)"
893,1294.118474,1294.312000,0.193526,,0.402606,"[1000,1420)"
894,1295.365364,1295.776000,0.410636,,0.413582,"[1000,1420)"
895,1296.801111,1296.976000,0.174889,,0.408745,"[1000,1420)"
896,1298.256527,1298.624000,0.367473,,0.398924,"[1000,1420)"
897,1299.405171,1299.632000,0.226829,,0.401282,"[1000,1420)"
898,1300.490019,1300.720000,0.229981,,0.397246,"[1000,1420)"
899,1301.495517,1301.080000,0.415517,,0.411060,"[1000,1420)"
900,1302.346742,1301.080000,1.266742,,0.409457,"[1000,1420)"
901,1303.273200,1303.640000,0.366800,,0.426068,"[1000,1420)"
902,1305.401672,1305.696000,0.294328,,0.412582,"[1000,1420)"
903,1306.508393,1306.568000,0.059607,,0.443285,"[1000,1420)"
904,1307.267242,1307.712000,0.444758,,0.425865,"[1000,1420)"
905,1308.988197,1309.048000,0.059803,,0.437272,"[1000,1420)"
906,1309.421532,1309.048000,0.373532,,0.435683,"[1000,1420)"
907,1311.056571,1311.072000,0.015429,,0.399507,"[1000,1420)"
908,1311.966941,1311.928000,0.038941,,0.419111,"[1000,1420)"
909,1313.031599,1313.152000,0.120401,,0.406348,"[1000,1420)"
910,1314.052566,1313.456000,0.596566,,0.427576,"[1000,1420)"
911,1316.212113,1316.176000,0.036113,,0.419689,"[1000,1420)"
912,1317.072986,1316.872000,0.200986,,0.430366,"[1000,1420)"
913,1318.171279,1318.728000,0.556721,,0.414738,"[1000,1420)"
914,1318.947881,1319.104000,0.156119,,0.405374,"[1000,1420)"
915,1319.931083,1319.944000,0.012917,,0.398027,"[1000,1420)"
916,1321.628139,1320.960000,0.668139,,0.425454,"[1000,1420)"
917,1322.258067,1322.480000,0.221933,,0.423346,"[1000,1420)"
918,1324.224979,1324.552000,0.327021,,0.412564,"[1000,1420)"
919,1325.237624,1325.920000,0.682376,,0.404190,"[1000,1420)"
920,1325.981970,1325.920000,0.061970,,0.421997,"[1000,1420)"
921,1327.635281,1327.344000,0.291281,,0.428343,"[1000,1420)"
922,1329.043518,1328.968000,0.075518,,0.436524,"[1000,1420)"
923,1329.205019,1328.968000,0.237019,,0.439576,"[1000,1420)"
924,1330.429937,1330.728000,0.298063,,0.419452,"[1000,1420)"
925,1331.827591,1332.104000,0.276409,,0.421324,"[1000,1420)"
926,1333.673523,1333.544000,0.129523,,0.408610,"[1000,1420)"
927,1334.747329,1335.432000,0.684671,,0.424749,"[1000,1420)"
928,1335.694975,1335.432000,0.262975,,0.418210,"[1000,1420)"
929,1336.690185,1336.568000,0.122185,,0.426408,"[1000,1420)"
930,1337.688792,1337.240000,0.448792,,0.420822,"[1000,1420)"
931,1338.923165,1338.856000,0.067165,,0.406236,"[1000,1420)"
932,1340.426400,1340.696000,0.269600,,0.415486,"[1000,1420)"
933,1341.166272,1341.072000,0.094272,,0.417839,"[1000,1420)"
934,1342.608508,1342.464000,0.144508,,0.424560,"[1000,1420)"
935,1344.156044,1343.712000,0.444044,,0.422907,"[1000,1420)"
936,1345.477106,1345.440000,0.037106,,0.438731,"[1000,1420)"
937,1345.731413,1345.440000,0.291413,,0.437245,"[1000,1420)"
938,1347.519472,1347.648000,0.128528,,0.398637,"[1000,1420)"
939,1348.017238,1348.240000,0.222762,,0.397252,"[1000,1420)"
940,1349.085194,1349.688000,0.602806,,0.389954,"[1000,1420)"
941,1351.296206,1351.184000,0.112206,,0.427967,"[1000,1420)"
942,1352.210465,1352.304000,0.093535,,0.422293,"[1000,1420)"
943,1353.483338,1353.544000,0.060662,,0.413298,"[1000,1420)"
944,1353.886782,1353.544000,0.342782,,0.408993,"[1000,1420)"
945,1355.680595,1355.112000,0.568595,,0.443066,"[1000,1420)"
946,1356.605656,1356.680000,0.074344,,0.411639,"[1000,1420)"
947,1357.771743,1358.080000,0.308257,,0.405849,"[1000,1420)"
948,1358.460160,1358.080000,0.380160,,0.401887,"[1000,1420)"
949,1360.393145,1360.624000,0.230855,,0.410470,"[1000,1420)"
950,1361.393075,1360.960000,0.433075,,0.408425,"[1000,1420)"
951,1363.022329,1363.312000,0.289671,,0.420930,"[1000,1420)"
952,1363.879191,1363.680000,0.199191,,0.421660,"[1000,1420)"
953,1364.576585,1365.440000,0.863415,,0.425169,"[1000,1420)"
954,1365.493734,1365.440000,0.053734,,0.421122,"[1000,1420)"
955,1367.104091,1366.960000,0.144091,,0.415691,"[1000,1420)"
956,1368.330193,1368.256000,0.074193,,0.419610,"[1000,1420)"
957,1369.686949,1369.120000,0.566949,,0.413882,"[1000,1420)"
958,1370.973523,1370.776000,0.197523,,0.406135,"[1000,1420)"
959,1371.686554,1372.048000,0.361446,,0.388586,"[1000,1420)"
960,1373.202915,1373.480000,0.277085,,0.419899,"[1000,1420)"
961,1374.154799,1374.624000,0.469201,,0.426293,"[1000,1420)"
962,1375.302392,1375.144000,0.158392,,0.420861,"[1000,1420)"
963,1376.161780,1376.232000,0.070220,,0.427746,"[1000,1420)"
964,1377.177634,1377.208000,0.030366,,0.430639,"[1000,1420)"
965,1379.683283,1380.264000,0.580717,,0.437524,"[1000,1420)"
966,1380.148578,1380.264000,0.115422,,0.436713,"[1000,1420)"
967,1381.073977,1381.176000,0.102023,,0.411858,"[1000,1420)"
968,1382.345663,1382.032000,0.313663,,0.405047,"[1000,1420)"
969,1383.297591,1383.208000,0.089591,,0.399975,"[1000,1420)"
970,1384.444416,1384.592000,0.147584,,0.431570,"[1000,1420)"
971,1385.663777,1385.672000,0.008223,,0.424176,"[1000,1420)"
972,1387.326648,1386.896000,0.430648,,0.419618,"[1000,1420)"
973,1387.921454,1388.264000,0.342546,,0.426536,"[1000,1420)"
974,1389.565832,1390.072000,0.506168,,0.429731,"[1000,1420)"
975,1390.705490,1391.016000,0.310510,,0.424599,"[1000,1420)"
976,1391.853200,1392.024000,0.170800,,0.429802,"[1000,1420)"
977,1392.644028,1392.024000,0.620028,,0.427824,"[1000,1420)"
978,1393.433402,1394.072000,0.638598,,0.410201,"[1000,1420)"
979,1394.884185,1395.232000,0.347815,,0.417652,"[1000,1420)"
980,1396.544163,1396.736000,0.191837,,0.434423,"[1000,1420)"
981,1397.834623,1397.992000,0.157377,,0.423757,"[1000,1420)"
982,1398.837675,1398.688000,0.149675,,0.439786,"[1000,1420)"
983,1399.839473,1400.832000,0.992527,,0.423785,"[1000,1420)"
984,1400.426946,1400.832000,0.405054,,0.422014,"[1000,1420)"
985,1402.564347,1403.464000,0.899653,,0.414781,"[1000,1420)"
986,1402.973748,1403.464000,0.490252,,0.432851,"[1000,1420)"
987,1404.006292,1404.424000,0.417708,,0.423330,"[1000,1420)"
988,1405.666975,1405.568000,0.098975,,0.412878,"[1000,1420)"
989,1407.085143,1406.120000,0.965143,,0.418866,"[1000,1420)"
990,1408.136307,1409.096000,0.959693,,0.398101,"[1000,1420)"
991,1409.320681,1409.456000,0.135319,,0.406935,"[1000,1420)"
992,1410.024811,1409.456000,0.568811,,0.430270,"[1000,1420)"
993,1411.257057,1412.008000,0.750943,,0.404025,"[1000,1420)"
994,1411.965653,1412.008000,0.042347,,0.395638,"[1000,1420)"
995,1413.843149,1413.488000,0.355149,,0.406122,"[1000,1420)"
996,1415.585785,1415.640000,0.054215,,0.443645,"[1000,1420)"
997,1415.781581,1415.640000,0.141581,,0.443788,"[1000,1420)"
998,1417.102823,1416.632000,0.470823,,0.415933,"[1000,1420)"
999,1418.696964,1418.376000,0.320964,,0.411931,"[1000,1420)"
1000,1419.422481,1418.376000,1.046481,,0.425321,"[1000,1420)"
