n,t_n,nearest_minimum_t,delta_n,delta_n_null
1,14.134725,14.520000,0.385275,0.441934
2,21.022040,21.768000,0.745960,0.435719
3,25.010858,25.344000,0.333142,0.436134
4,30.424876,30.992000,0.567124,0.427608
5,32.935062,32.552000,0.383062,0.446812
6,37.586178,37.896000,0.309822,0.437543
7,40.918719,41.672000,0.753281,0.437368
8,43.327073,43.248000,0.079073,0.437906
9,48.005151,47.424000,0.581151,0.432250
10,49.773832,49.840000,0.066168,0.449110
11,52.970321,52.992000,0.021679,0.459331
12,56.446248,56.800000,0.353752,0.419852
13,59.347044,58.944000,0.403044,0.439792
14,60.831779,61.216000,0.384221,0.444803
15,65.112544,64.856000,0.256544,0.461123
16,67.079811,67.616000,0.536189,0.448329
17,69.546402,69.800000,0.253598,0.424378
18,72.067158,72.152000,0.084842,0.433939
19,75.704691,76.144000,0.439309,0.409238
20,77.144840,77.576000,0.431160,0.447630
21,79.337375,80.016000,0.678625,0.453335
22,82.910381,82.480000,0.430381,0.430211
23,84.735493,83.512000,1.223493,0.437181
24,87.425275,87.016000,0.409275,0.425941
25,88.809111,88.008000,0.801111,0.435957
26,92.491899,92.296000,0.195899,0.440419
27,94.651344,94.664000,0.012656,0.450732
28,95.870634,96.072000,0.201366,0.441844
29,98.831194,98.112000,0.719194,0.440422
30,101.317851,101.080000,0.237851,0.451122
31,103.725538,103.944000,0.218462,0.440185
32,105.446623,105.696000,0.249377,0.440897
33,107.168611,107.432000,0.263389,0.440473
34,111.029536,111.320000,0.290464,0.443676
35,111.874659,111.704000,0.170659,0.446856
36,114.320221,113.888000,0.432221,0.414287
37,116.226680,116.016000,0.210680,0.421401
38,118.790783,118.528000,0.262783,0.437759
39,121.370125,122.080000,0.709875,0.423216
40,122.946829,123.144000,0.197171,0.437797
41,124.256819,124.408000,0.151181,0.461506
42,127.516684,127.264000,0.252684,0.439573
43,129.578704,128.776000,0.802704,0.450207
44,131.087689,131.168000,0.080311,0.429073
45,133.497737,133.728000,0.230263,0.428911
46,134.756510,134.616000,0.140510,0.450796
47,138.116042,138.168000,0.051958,0.470024
48,139.736209,140.128000,0.391791,0.444186
49,141.123707,140.856000,0.267707,0.427926
50,143.111846,142.912000,0.199846,0.443454
51,146.000982,146.032000,0.031018,0.411087
52,147.422765,147.096000,0.326765,0.457846
53,150.053520,150.784000,0.730480,0.445955
54,150.925258,150.784000,0.141258,0.452825
55,153.024694,153.568000,0.543306,0.419026
56,156.112909,155.752000,0.360909,0.436547
57,157.597592,157.448000,0.149592,0.413668
58,158.849988,158.640000,0.209988,0.412014
59,161.188964,161.416000,0.227036,0.441459
60,163.030710,163.192000,0.161290,0.470528
61,165.537069,165.656000,0.118931,0.433656
62,167.184440,167.816000,0.631560,0.423355
63,169.094515,169.032000,0.062515,0.427833
64,169.911976,169.816000,0.095976,0.443799
65,173.411537,173.304000,0.107537,0.412291
66,174.754192,174.256000,0.498192,0.451376
67,176.441434,176.328000,0.113434,0.446632
68,178.377408,178.248000,0.129408,0.430646
69,179.916484,179.784000,0.132484,0.443633
70,182.207078,181.984000,0.223078,0.455284
71,184.874468,184.984000,0.109532,0.430700
72,185.598784,185.456000,0.142784,0.448923
73,187.228923,187.096000,0.132923,0.437912
74,189.416159,190.424000,1.007841,0.418288
75,192.026656,192.048000,0.021344,0.440113
76,193.079727,193.904000,0.824273,0.432908
77,195.265397,194.696000,0.569397,0.449022
78,196.876482,197.352000,0.475518,0.437963
79,198.015310,198.112000,0.096690,0.427320
80,201.264752,200.952000,0.312752,0.419787
81,202.493595,202.376000,0.117595,0.422551
82,204.189672,203.968000,0.221672,0.441926
83,205.394697,206.352000,0.957303,0.433589
84,207.906259,208.112000,0.205741,0.458902
85,209.576510,209.416000,0.160510,0.431920
86,211.690863,212.792000,1.101137,0.436082
87,213.347919,213.536000,0.188081,0.454873
88,214.547045,214.536000,0.011045,0.460383
89,216.169539,216.096000,0.073539,0.452195
90,219.067596,218.760000,0.307596,0.417782
91,220.714919,221.000000,0.285081,0.440734
92,221.430706,221.408000,0.022706,0.435990
93,224.007000,224.680000,0.673000,0.453091
94,224.983325,224.680000,0.303325,0.435211
95,227.421444,227.184000,0.237444,0.432952
96,229.337413,229.216000,0.121413,0.452198
97,231.250189,231.280000,0.029811,0.444661
98,231.987235,232.040000,0.052765,0.461213
99,233.693404,233.520000,0.173404,0.453490
100,236.524230,236.768000,0.243770,0.418116
101,237.769820,237.640000,0.129820,0.460627
102,239.555478,239.336000,0.219478,0.446138
103,241.049158,241.080000,0.030842,0.442956
104,242.823272,242.720000,0.103272,0.423984
105,244.070898,243.920000,0.150898,0.440957
106,247.136990,247.056000,0.080990,0.427752
107,248.101990,248.120000,0.018010,0.441142
108,249.573690,249.320000,0.253690,0.410382
109,251.014948,251.072000,0.057052,0.436899
110,253.069987,253.120000,0.050013,0.441832
111,255.306256,255.464000,0.157744,0.440528
112,256.380714,256.736000,0.355286,0.439066
113,258.610439,258.792000,0.181561,0.413873
114,259.874407,259.656000,0.218407,0.463538
115,260.805085,261.440000,0.634915,0.439161
116,263.573894,263.504000,0.069894,0.419845
117,265.557852,265.768000,0.210148,0.432566
118,266.614974,266.128000,0.486974,0.463691
119,267.921915,268.056000,0.134085,0.454433
120,269.970449,270.816000,0.845551,0.423390
121,271.494056,271.608000,0.113944,0.460612
122,273.459609,273.328000,0.131609,0.437541
123,275.587493,275.880000,0.292507,0.426563
124,276.452050,276.472000,0.019950,0.423453
125,278.250744,277.952000,0.298744,0.428602
126,279.229251,278.880000,0.349251,0.455941
127,282.465115,282.048000,0.417115,0.428271
128,283.211186,283.072000,0.139186,0.414677
129,284.835964,284.712000,0.123964,0.439555
130,286.667445,287.208000,0.540555,0.437060
131,287.911921,288.320000,0.408079,0.407006
132,289.579855,289.568000,0.011855,0.426043
133,291.846291,292.072000,0.225709,0.442003
134,293.558434,294.104000,0.545566,0.425689
135,294.965370,295.320000,0.354630,0.428514
136,295.573255,295.320000,0.253255,0.434650
137,297.979277,297.648000,0.331277,0.434837
138,299.840326,299.088000,0.752326,0.448923
139,301.649325,301.904000,0.254675,0.444882
140,302.696750,302.352000,0.344750,0.421296
141,304.864371,304.656000,0.208371,0.455731
142,305.728913,305.904000,0.175087,0.455331
143,307.219496,306.408000,0.811496,0.435896
144,310.109463,308.784000,1.325463,0.434002
145,311.165142,311.624000,0.458858,0.444997
146,312.427801,312.520000,0.092199,0.462388
147,313.985286,313.392000,0.593286,0.453582
148,315.475616,315.240000,0.235616,0.455040
149,317.734806,317.544000,0.190806,0.432257
150,318.853104,318.944000,0.090896,0.456451
151,321.160134,321.896000,0.735866,0.445191
152,322.144559,322.392000,0.247441,0.453260
153,323.466970,324.040000,0.573030,0.452126
154,324.862866,325.496000,0.633134,0.449890
155,327.443901,327.200000,0.243901,0.445945
156,329.033072,329.248000,0.214928,0.465495
157,329.953240,330.464000,0.510760,0.438892
158,331.474468,331.016000,0.458468,0.429685
159,333.645379,333.408000,0.237379,0.446331
160,334.211355,333.912000,0.299355,0.446394
161,336.841850,336.416000,0.425850,0.427394
162,338.339993,338.248000,0.091993,0.424644
163,339.858217,340.544000,0.685783,0.427197
164,341.042261,341.008000,0.034261,0.443107
165,342.054878,341.696000,0.358878,0.434788
166,344.661703,345.064000,0.402297,0.447227
167,346.347871,345.840000,0.507871,0.414582
168,347.272678,347.096000,0.176678,0.434678
169,349.316261,348.976000,0.340261,0.438123
170,350.408419,351.800000,1.391581,0.428451
171,351.878649,351.800000,0.078649,0.445457
172,353.488900,354.352000,0.863100,0.420673
173,356.017575,357.368000,1.350425,0.444469
174,357.151302,357.368000,0.216698,0.432319
175,357.952685,358.432000,0.479315,0.446811
176,359.743755,359.440000,0.303755,0.447058
177,361.289362,361.536000,0.246638,0.420318
178,363.331331,362.992000,0.339331,0.446897
179,364.736024,364.816000,0.079976,0.410093
180,366.212710,366.304000,0.091290,0.420992
181,367.993575,367.992000,0.001575,0.441634
182,368.968438,369.136000,0.167562,0.433193
183,370.050919,370.560000,0.509081,0.465587
184,373.061928,373.472000,0.410072,0.447133
185,373.864874,373.472000,0.392874,0.470358
186,375.825913,375.896000,0.070087,0.428276
187,376.324092,376.672000,0.347908,0.431673
188,378.436680,378.424000,0.012680,0.420349
189,379.872975,379.496000,0.376975,0.425899
190,381.484469,381.776000,0.291531,0.438518
191,383.443529,383.320000,0.123529,0.449011
192,384.956117,385.872000,0.915883,0.434206
193,385.861301,385.872000,0.010699,0.406925
194,387.222890,386.856000,0.366890,0.421167
195,388.846128,388.760000,0.086128,0.460467
196,391.456084,391.768000,0.311916,0.454046
197,392.245083,392.120000,0.125083,0.446743
198,393.427744,393.440000,0.012256,0.470362
199,395.582870,396.536000,0.953130,0.433701
200,396.381854,396.536000,0.154146,0.421780
201,397.918736,397.720000,0.198736,0.443603
202,399.985120,400.056000,0.070880,0.438805
203,401.839229,401.008000,0.831229,0.436921
204,402.861918,402.704000,0.157918,0.429941
205,404.236442,404.344000,0.107558,0.409694
206,405.134387,405.352000,0.217613,0.411426
207,407.581460,407.184000,0.397460,0.432685
208,408.947246,408.368000,0.579246,0.424918
209,410.513869,409.880000,0.633869,0.453637
210,411.972268,412.104000,0.131732,0.439783
211,413.262736,413.936000,0.673264,0.435547
212,415.018810,414.952000,0.066810,0.433897
213,415.455215,414.952000,0.503215,0.447143
214,418.387706,418.720000,0.332294,0.410368
215,419.861365,419.016000,0.845365,0.423204
216,420.643828,420.888000,0.244172,0.412161
217,422.076710,422.464000,0.387290,0.451218
218,423.716580,424.136000,0.419420,0.443167
219,425.069882,424.800000,0.269882,0.459474
220,427.208825,427.072000,0.136825,0.430176
221,428.127914,428.304000,0.176086,0.430348
222,430.328745,431.048000,0.719255,0.442098
223,431.301307,431.480000,0.178693,0.435527
224,432.138642,431.904000,0.234642,0.451544
225,433.889218,433.232000,0.657218,0.450331
226,436.161006,435.536000,0.625006,0.413874
227,437.581698,437.616000,0.034302,0.443235
228,438.621739,437.704000,0.917739,0.423140
229,439.918442,440.184000,0.265558,0.417214
230,441.683199,441.472000,0.211199,0.432714
231,442.904546,442.992000,0.087454,0.428247
232,444.319336,444.248000,0.071336,0.445569
233,446.860623,446.328000,0.532623,0.447596
234,447.441704,447.896000,0.454296,0.430981
235,449.148546,449.504000,0.355454,0.428981
236,450.126946,449.504000,0.622946,0.435561
237,451.403308,451.400000,0.003308,0.436845
238,453.986738,454.928000,0.941262,0.473652
239,454.974684,454.928000,0.046684,0.428326
240,456.328427,456.648000,0.319573,0.423684
241,457.903893,457.952000,0.048107,0.447299
242,459.513415,459.680000,0.166585,0.452022
243,460.087944,460.088000,0.000056,0.460810
244,462.065367,461.856000,0.209367,0.435161
245,464.057287,464.296000,0.238713,0.445459
246,465.671539,466.608000,0.936461,0.440453
247,466.570287,466.608000,0.037713,0.434885
248,467.439046,467.560000,0.120954,0.431395
249,469.536005,469.584000,0.047995,0.448520
250,470.773655,470.328000,0.445655,0.457296
251,472.799175,472.464000,0.335175,0.446239
252,473.835232,474.000000,0.164768,0.444220
253,475.600339,475.280000,0.320339,0.428115
254,476.769015,476.400000,0.369015,0.421980
255,478.075264,477.800000,0.275264,0.424769
256,478.942182,479.360000,0.417818,0.438903
257,481.830339,481.640000,0.190339,0.439036
258,482.834783,482.800000,0.034783,0.428453
259,483.851427,483.160000,0.691427,0.442062
260,485.539148,485.688000,0.148852,0.440592
261,486.528718,487.168000,0.639282,0.456740
262,488.380567,488.424000,0.043433,0.447884
263,489.661762,489.944000,0.282238,0.434408
264,491.398822,491.888000,0.489178,0.438116
265,493.314442,493.448000,0.133558,0.449143
266,493.957998,493.976000,0.018002,0.459151
267,495.358829,495.320000,0.038829,0.450978
268,496.429696,496.032000,0.397696,0.442824
269,498.580782,498.456000,0.124782,0.435743
270,500.309085,499.912000,0.397085,0.441703
271,501.604447,500.888000,0.716447,0.428502
272,502.276270,503.480000,1.203730,0.428148
273,504.499773,504.488000,0.011773,0.429620
274,505.415232,504.944000,0.471232,0.447912
275,506.464153,506.512000,0.047847,0.432851
276,508.800700,508.992000,0.191300,0.447143
277,510.264228,508.992000,1.272228,0.441206
278,511.562290,511.712000,0.149710,0.451987
279,512.623145,512.720000,0.096855,0.444405
280,513.668986,513.816000,0.147014,0.426621
281,515.435057,515.480000,0.044943,0.431133
282,517.589669,517.128000,0.461669,0.419001
283,518.234223,518.072000,0.162223,0.401918
284,520.106310,519.912000,0.194310,0.429683
285,521.525193,521.160000,0.365193,0.452922
286,522.456696,522.632000,0.175304,0.447329
287,523.960531,523.848000,0.112531,0.417748
288,525.077386,525.600000,0.522614,0.426575
289,527.903642,527.288000,0.615642,0.446083
290,528.406214,528.808000,0.401786,0.434184
291,529.806226,529.824000,0.017774,0.414925
292,530.866918,530.496000,0.370918,0.436287
293,532.688183,532.288000,0.400183,0.423006
294,533.779631,533.504000,0.275631,0.436409
295,535.664314,535.512000,0.152314,0.454147
296,537.069759,536.440000,0.629759,0.433275
297,538.428526,538.080000,0.348526,0.440948
298,540.213166,540.288000,0.074834,0.430369
299,540.631390,540.864000,0.232610,0.434128
300,541.847437,541.672000,0.175437,0.454295
301,544.323890,544.208000,0.115890,0.437359
302,545.636833,545.480000,0.156833,0.438430
303,547.010912,547.832000,0.821088,0.446583
304,547.931613,547.832000,0.099613,0.449665
305,549.497568,549.056000,0.441568,0.442095
306,550.970010,551.016000,0.045990,0.448534
307,552.049572,551.416000,0.633572,0.451159
308,553.764972,553.960000,0.195028,0.435005
309,555.792021,555.040000,0.752021,0.429680
310,556.899476,556.920000,0.020524,0.443614
311,557.564659,557.456000,0.108659,0.448369
312,559.316237,559.016000,0.300237,0.436034
313,560.240807,560.264000,0.023193,0.430896
314,562.559208,563.144000,0.584792,0.438177
315,564.160879,564.248000,0.087121,0.444025
316,564.506056,564.248000,0.258056,0.443500
317,566.698788,566.560000,0.138788,0.433581
318,567.731758,567.840000,0.108242,0.446519
319,568.923955,568.472000,0.451955,0.422369
320,570.051115,569.872000,0.179115,0.436134
321,572.419984,572.432000,0.012016,0.434625
322,573.614611,574.032000,0.417389,0.449368
323,575.093886,575.120000,0.026114,0.429214
324,575.807247,576.040000,0.232753,0.421728
325,577.039003,576.792000,0.247003,0.408967
326,579.098835,578.960000,0.138835,0.427836
327,580.136959,581.032000,0.895041,0.423473
328,581.946576,581.696000,0.250576,0.449066
329,583.236088,583.592000,0.355912,0.442553
330,584.561706,584.688000,0.126294,0.434732
331,585.984563,586.688000,0.703437,0.426740
332,586.742772,586.688000,0.054772,0.427361
333,588.139663,587.888000,0.251663,0.428350
334,590.660398,590.184000,0.476398,0.445111
335,591.725858,591.144000,0.581858,0.439706
336,592.571358,592.720000,0.148642,0.431250
337,593.974715,594.112000,0.137285,0.413245
338,595.728154,595.680000,0.048154,0.446271
339,596.362768,596.080000,0.282768,0.445106
340,598.493077,598.112000,0.381077,0.455241
341,599.545640,599.512000,0.033640,0.441064
342,601.602137,602.352000,0.749863,0.436165
343,602.579168,602.352000,0.227168,0.434882
344,603.625619,603.904000,0.278381,0.448658
345,604.616218,604.408000,0.208218,0.453135
346,606.383460,606.272000,0.111460,0.425769
347,608.413217,608.456000,0.042783,0.447805
348,609.389575,609.256000,0.133575,0.432845
349,610.839163,611.072000,0.232837,0.430117
350,611.774210,611.872000,0.097790,0.446108
351,613.599779,613.920000,0.320221,0.445564
352,614.646238,614.496000,0.150238,0.435206
353,615.538563,614.984000,0.554563,0.426138
354,618.112831,618.840000,0.727169,0.433732
355,619.184483,618.840000,0.344483,0.445006
356,620.272894,620.360000,0.087106,0.424068
357,621.709295,621.344000,0.365295,0.446100
358,622.375003,622.816000,0.440997,0.447594
359,624.269900,624.096000,0.173900,0.423668
360,626.019283,626.480000,0.460717,0.428661
361,627.268397,627.400000,0.131603,0.449825
362,628.325862,628.896000,0.570138,0.440711
363,630.473887,630.784000,0.310113,0.440847
364,630.805781,630.784000,0.021781,0.440484
365,632.225141,632.584000,0.358859,0.431183
366,633.546858,633.848000,0.301142,0.420131
367,635.523800,635.792000,0.268200,0.433194
368,637.397193,637.464000,0.066807,0.437011
369,637.925514,638.152000,0.226486,0.460728
370,638.927938,638.152000,0.775938,0.455719
371,640.694795,640.000000,0.694795,0.456250
372,641.945500,643.208000,1.262500,0.448884
373,643.278884,643.208000,0.070884,0.423211
374,644.990578,645.344000,0.353422,0.409843
375,646.348192,645.504000,0.844192,0.434727
376,647.761753,647.840000,0.078247,0.430833
377,648.786401,648.384000,0.402401,0.455735
378,650.197519,650.352000,0.154481,0.447899
379,650.668684,650.888000,0.219316,0.450613
380,653.649572,653.584000,0.065572,0.437194
381,654.301921,654.248000,0.053921,0.453054
382,655.709463,656.224000,0.514537,0.465108
383,656.964085,657.432000,0.467915,0.470969
384,658.175614,657.856000,0.319614,0.450747
385,659.663846,659.240000,0.423846,0.433982
386,660.716733,660.616000,0.100733,0.449946
387,662.296586,661.800000,0.496586,0.445140
388,664.244605,663.632000,0.612605,0.438800
389,665.342763,666.520000,1.177237,0.424889
390,666.515148,666.520000,0.004852,0.437577
391,667.148495,667.144000,0.004495,0.430190
392,668.975849,668.424000,0.551849,0.428665
393,670.323585,670.512000,0.188415,0.409279
394,672.458184,672.264000,0.194184,0.435997
395,673.043578,672.264000,0.779578,0.428553
396,674.355898,674.480000,0.124102,0.441469
397,676.139674,675.504000,0.635674,0.451528
398,677.230181,677.096000,0.134181,0.436343
399,677.800445,677.824000,0.023555,0.426081
400,679.742198,680.120000,0.377802,0.455764
401,681.894992,681.920000,0.025008,0.451180
402,682.602735,681.920000,0.682735,0.470263
403,684.013550,684.080000,0.066450,0.446463
404,684.972630,685.032000,0.059370,0.434053
405,686.163224,686.536000,0.372776,0.442844
406,687.961543,687.840000,0.121543,0.428655
407,689.368941,688.712000,0.656941,0.451798
408,690.474735,690.184000,0.290735,0.420579
409,692.451684,693.808000,1.356316,0.442124
410,693.176970,693.808000,0.631030,0.433239
411,694.533909,694.400000,0.133909,0.419460
412,695.726336,695.352000,0.374336,0.432420
413,696.626070,697.072000,0.445930,0.426977
414,699.132095,699.136000,0.003905,0.428885
415,700.296739,700.672000,0.375261,0.419416
416,701.301743,701.904000,0.602257,0.450304
417,702.227343,702.376000,0.148657,0.421105
418,704.033839,704.872000,0.838161,0.429734
419,705.125814,705.264000,0.138186,0.420598
420,706.184655,705.872000,0.312655,0.403903
421,708.269071,708.392000,0.122929,0.430649
422,709.229589,708.392000,0.837589,0.429634
423,711.130274,711.912000,0.781726,0.423558
424,711.900290,711.912000,0.011710,0.454651
425,712.749383,712.952000,0.202617,0.442900
426,714.082772,713.528000,0.554772,0.431426
427,716.112396,716.088000,0.024396,0.442942
428,717.482570,717.456000,0.026570,0.455143
429,718.742787,718.696000,0.046787,0.414420
430,719.697101,720.136000,0.438899,0.432943
431,721.351162,721.248000,0.103162,0.420451
432,722.277505,722.280000,0.002495,0.418918
433,723.845821,723.688000,0.157821,0.429194
434,724.562614,724.392000,0.170614,0.413414
435,727.056403,727.032000,0.024403,0.429280
436,728.405482,728.576000,0.170518,0.447481
437,728.758750,728.576000,0.182750,0.454034
438,730.416482,730.624000,0.207518,0.429396
439,731.417355,731.896000,0.478645,0.434020
440,732.818053,732.816000,0.002053,0.464885
441,734.789643,734.824000,0.034357,0.466375
442,735.765459,735.728000,0.037459,0.447776
443,737.052929,737.608000,0.555071,0.413645
444,738.580421,739.088000,0.507579,0.452514
445,739.909524,740.376000,0.466476,0.449166
446,740.573807,740.376000,0.197807,0.437613
447,741.757336,741.464000,0.293336,0.446160
448,743.895013,743.720000,0.175013,0.442265
449,745.344990,746.088000,0.743010,0.431302
450,746.499306,746.256000,0.243306,0.448433
451,747.674564,747.408000,0.266564,0.459301
452,748.242754,748.408000,0.165246,0.443390
453,750.655950,750.336000,0.319950,0.448437
454,750.966381,751.032000,0.065619,0.440293
455,752.887622,751.288000,1.599622,0.442174
456,754.322370,754.752000,0.429630,0.432533
457,755.839309,755.576000,0.263309,0.440485
458,756.768248,756.424000,0.344248,0.449574
459,758.101729,758.120000,0.018271,0.423450
460,758.900238,759.160000,0.259762,0.422354
461,760.282367,760.328000,0.045633,0.427723
462,762.700033,762.800000,0.099967,0.440514
463,763.593066,763.528000,0.065066,0.450800
464,764.307523,763.936000,0.371523,0.459099
465,766.087540,767.288000,1.200460,0.450234
466,767.218472,767.288000,0.069528,0.436483
467,768.281462,768.552000,0.270538,0.444088
468,769.693407,769.712000,0.018593,0.443132
469,771.070839,770.656000,0.414839,0.453219
470,772.961618,772.152000,0.809618,0.436680
471,774.117745,774.376000,0.258255,0.436028
472,775.047847,774.904000,0.143847,0.425681
473,775.999712,775.864000,0.135712,0.417316
474,777.299749,777.536000,0.236251,0.428246
475,779.157077,779.176000,0.018923,0.435165
476,780.348925,779.848000,0.500925,0.449916
477,782.137664,782.496000,0.358336,0.423475
478,782.597944,782.496000,0.101944,0.419460
479,784.288823,783.960000,0.328823,0.422448
480,785.739090,785.592000,0.147090,0.432826
481,786.461147,786.392000,0.069147,0.437786
482,787.468464,787.560000,0.091536,0.442528
483,790.059092,790.152000,0.092908,0.444801
484,790.831620,790.768000,0.063620,0.412975
485,792.427708,792.848000,0.420292,0.436111
486,792.888653,792.848000,0.040653,0.440589
487,794.483792,794.288000,0.195792,0.474016
488,795.606596,795.576000,0.030596,0.473286
489,797.263470,797.240000,0.023470,0.424456
490,798.707570,798.592000,0.115570,0.445518
491,799.654336,800.320000,0.665664,0.439739
492,801.604246,801.944000,0.339754,0.446220
493,802.541985,802.656000,0.114015,0.424618
494,803.243096,803.152000,0.091096,0.434307
495,804.762239,804.936000,0.173761,0.448600
496,805.861636,805.824000,0.037636,0.420535
497,808.151815,808.024000,0.127815,0.449938
498,809.197783,809.720000,0.522217,0.457965
499,810.081805,809.720000,0.361805,0.443847
500,811.184359,811.280000,0.095641,0.421475
501,812.771108,812.600000,0.171108,0.446884
502,814.045914,814.536000,0.490086,0.445321
503,814.870540,814.536000,0.334540,0.435908
504,816.727738,816.704000,0.023738,0.482046
505,818.380669,818.520000,0.139331,0.451993
506,819.204642,819.584000,0.379358,0.458590
507,820.721898,820.384000,0.337898,0.424393
508,821.713454,821.344000,0.369454,0.430313
509,822.197757,822.224000,0.026243,0.434793
510,824.526294,824.432000,0.094294,0.432829
511,826.039287,826.792000,0.752713,0.421613
512,826.905811,826.792000,0.113811,0.418352
513,828.340174,828.712000,0.371826,0.431248
514,829.437011,829.352000,0.085011,0.428428
515,830.895884,830.904000,0.008116,0.444273
516,831.799778,831.680000,0.119778,0.434803
517,833.003641,832.808000,0.195641,0.456485
518,834.651915,834.344000,0.307915,0.417931
519,836.693576,836.120000,0.573576,0.460457
520,837.347335,836.120000,1.227335,0.455627
521,838.249022,838.776000,0.526978,0.449260
522,839.465395,839.376000,0.089395,0.444382
523,841.036390,841.160000,0.123610,0.452097
524,842.041354,842.256000,0.214646,0.459035
525,844.166197,844.424000,0.257803,0.450722
526,844.805994,844.424000,0.381994,0.423671
527,846.194770,846.336000,0.141230,0.430205
528,847.971718,848.488000,0.516282,0.455439
529,848.489281,848.488000,0.001281,0.469099
530,849.862274,850.208000,0.345726,0.449496
531,850.645448,850.904000,0.258552,0.439886
532,853.163113,853.208000,0.044887,0.441791
533,854.095512,854.336000,0.240488,0.464874
534,855.286710,854.672000,0.614710,0.434752
535,856.484117,856.456000,0.028117,0.425816
536,857.310741,857.000000,0.310741,0.429107
537,858.904026,859.544000,0.639974,0.447670
538,860.410671,860.360000,0.050671,0.462983
539,861.171098,861.112000,0.059098,0.452608
540,863.189720,862.328000,0.861720,0.415207
541,864.340824,864.080000,0.260824,0.425408
542,865.594664,865.880000,0.285336,0.436636
543,866.423740,866.320000,0.103740,0.434369
544,867.693123,867.536000,0.157123,0.448365
545,868.670494,868.240000,0.430494,0.438314
546,870.846902,871.000000,0.153098,0.443253
547,872.188751,872.016000,0.172751,0.437412
548,873.098979,873.136000,0.037021,0.447647
549,873.908389,873.136000,0.772389,0.438404
550,875.985285,876.144000,0.158715,0.421687
551,876.600826,876.536000,0.064826,0.425410
552,877.654698,878.312000,0.657302,0.457866
553,879.380952,879.776000,0.395048,0.435623
554,880.834649,880.512000,0.322649,0.416407
555,882.386697,883.632000,1.245303,0.447583
556,883.430332,883.632000,0.201668,0.442938
557,884.198743,883.632000,0.566743,0.445997
558,885.272304,885.352000,0.079696,0.443670
559,886.852802,887.144000,0.291198,0.418677
560,888.475567,888.160000,0.315567,0.409775
561,889.735294,889.672000,0.063294,0.460088
562,890.813132,890.328000,0.485132,0.423503
563,892.386433,892.296000,0.090433,0.417684
564,893.119118,893.552000,0.432882,0.439665
565,894.886292,895.008000,0.121708,0.438795
566,895.397920,895.008000,0.389920,0.437878
567,896.632252,896.520000,0.112252,0.421368
568,899.221523,899.696000,0.474477,0.430120
569,899.858885,900.008000,0.149115,0.440671
570,900.849740,900.416000,0.433740,0.409043
571,902.243208,902.056000,0.187208,0.439292
572,903.099674,902.912000,0.187674,0.447495
573,904.702903,904.552000,0.150903,0.418316
574,905.829941,905.848000,0.018059,0.446266
575,907.656729,907.616000,0.040729,0.418529
576,908.333544,908.280000,0.053544,0.427360
577,910.186334,909.888000,0.298334,0.402975
578,911.234951,911.464000,0.229049,0.445198
579,912.331046,912.512000,0.180954,0.448505
580,912.823999,912.512000,0.311999,0.455508
581,914.730097,914.920000,0.189903,0.441134
582,916.355001,916.024000,0.331001,0.437619
583,917.825378,916.832000,0.993378,0.441498
584,918.836535,919.728000,0.891465,0.426267
585,919.448344,919.728000,0.279656,0.431559
586,921.156396,920.600000,0.556396,0.447437
587,922.500629,923.328000,0.827371,0.432645
588,923.285720,923.328000,0.042280,0.441141
589,924.773484,924.632000,0.141484,0.426817
590,926.551553,926.400000,0.151553,0.434811
591,927.850859,927.888000,0.037141,0.431374
592,928.663659,928.624000,0.039659,0.449021
593,929.874093,929.800000,0.074093,0.449792
594,931.009211,931.224000,0.214789,0.431944
595,931.852741,932.160000,0.307259,0.429919
596,934.385307,935.128000,0.742693,0.442462
597,934.995425,935.128000,0.132575,0.437685
598,936.228649,936.128000,0.100649,0.442717
599,937.532926,938.576000,1.043074,0.445244
600,939.024301,939.208000,0.183699,0.446116
601,939.660941,939.208000,0.452941,0.466328
602,941.157000,941.280000,0.123000,0.437726
603,942.052342,942.160000,0.107658,0.446021
604,944.188036,944.056000,0.132036,0.443214
605,945.333563,945.856000,0.522437,0.425265
606,946.765842,945.856000,0.909842,0.422064
607,947.079183,945.856000,1.223183,0.434916
608,948.346646,948.328000,0.018646,0.447930
609,950.151613,948.624000,1.527613,0.434543
610,951.033249,952.136000,1.102751,0.433284
611,952.727989,952.336000,0.391989,0.424122
612,954.129719,954.160000,0.030281,0.427391
613,954.829309,954.840000,0.010691,0.415503
614,956.675479,956.848000,0.172521,0.427608
615,957.510053,957.240000,0.270053,0.448751
616,958.414593,958.232000,0.182593,0.440229
617,959.459169,959.704000,0.244831,0.441682
618,961.669572,962.376000,0.706428,0.436859
619,963.182087,963.528000,0.345913,0.424838
620,963.567040,963.528000,0.039040,0.407226
621,965.055580,965.144000,0.088420,0.458694
622,966.110755,966.304000,0.193245,0.449497
623,967.371154,967.280000,0.091154,0.436535
624,968.636302,968.912000,0.275698,0.440842
625,970.125611,970.328000,0.202389,0.430247
626,971.071491,970.328000,0.743491,0.435567
627,973.185361,973.952000,0.766639,0.443596
628,973.873079,973.952000,0.078921,0.462254
629,974.774635,974.528000,0.246635,0.454583
630,976.178502,976.256000,0.077498,0.443770
631,976.917202,976.256000,0.661202,0.446135
632,978.766672,979.072000,0.305328,0.448206
633,980.578001,980.472000,0.106001,0.456816
634,981.288615,980.472000,0.816615,0.461797
635,982.396485,982.696000,0.299515,0.446539
636,983.575076,983.376000,0.199076,0.433451
637,985.186929,985.848000,0.661071,0.421572
638,986.130515,986.048000,0.082515,0.428831
639,986.756008,987.248000,0.491992,0.446428
640,988.992622,988.088000,0.904622,0.441377
641,990.223918,990.328000,0.104082,0.461394
642,991.374294,990.968000,0.406294,0.461674
643,992.728696,992.840000,0.111304,0.441747
644,993.214581,992.840000,0.374581,0.434122
645,994.404591,994.568000,0.163409,0.451963
646,996.205336,996.384000,0.178664,0.461853
647,997.511935,998.288000,0.776065,0.463283
648,998.827547,998.712000,0.115547,0.445682
649,999.791572,1000.496000,0.704428,0.432779
650,1001.349483,1001.048000,0.301483,0.423515
651,1002.404305,1002.392000,0.012305,0.429626
652,1003.267808,1003.928000,0.660192,0.440593
653,1004.675044,1004.744000,0.068956,0.433191
654,1005.543420,1005.360000,0.183420,0.443182
655,1008.006704,1007.832000,0.174704,0.463992
656,1008.795710,1008.768000,0.027710,0.440730
657,1009.806591,1009.960000,0.153409,0.430055
658,1010.569757,1010.416000,0.153757,0.447774
659,1012.410043,1012.928000,0.517957,0.423690
660,1013.058638,1012.928000,0.130638,0.428737
661,1014.689633,1014.792000,0.102367,0.428197
662,1016.060179,1015.896000,0.164179,0.422855
663,1017.266402,1017.176000,0.090402,0.439541
664,1018.605573,1017.176000,1.429573,0.443433
665,1019.912440,1020.568000,0.655560,0.466032
666,1020.917475,1021.192000,0.274525,0.442034
667,1021.544344,1021.192000,0.352344,0.438165
668,1022.885271,1023.320000,0.434729,0.431305
669,1025.265724,1025.136000,0.129724,0.443428
670,1025.707944,1025.464000,0.243944,0.429716
671,1027.467694,1027.896000,0.428306,0.438598
672,1028.128964,1027.896000,0.232964,0.433229
673,1029.227297,1029.016000,0.211297,0.447298
674,1030.897369,1031.152000,0.254631,0.434101
675,1031.833180,1031.664000,0.169180,0.452940
676,1032.812883,1032.808000,0.004883,0.436615
677,1034.612916,1033.952000,0.660916,0.432995
678,1036.195917,1035.872000,0.323917,0.418405
679,1037.024708,1037.160000,0.135292,0.415649
680,1038.087752,1038.008000,0.079752,0.459457
681,1039.077401,1039.152000,0.074599,0.452591
682,1040.264038,1040.312000,0.047962,0.453093
683,1041.621528,1041.200000,0.421528,0.425272
684,1043.623954,1043.896000,0.272046,0.431291
685,1044.514976,1044.664000,0.149024,0.441985
686,1045.107042,1044.840000,0.267042,0.444176
687,1047.089817,1046.968000,0.121817,0.459118
688,1047.987147,1048.536000,0.548853,0.433128
689,1048.953785,1049.008000,0.054215,0.437299
690,1049.996284,1050.352000,0.355716,0.437228
691,1051.576572,1051.304000,0.272572,0.464698
692,1053.245785,1053.272000,0.026215,0.447591
693,1054.781039,1055.048000,0.266961,0.447414
694,1055.002146,1055.048000,0.045854,0.444713
695,1056.688847,1056.432000,0.256847,0.425539
696,1057.100044,1056.984000,0.116044,0.425926
697,1059.133769,1058.952000,0.181769,0.444857
698,1060.139519,1059.920000,0.219519,0.451980
699,1061.501304,1061.616000,0.114696,0.431752
700,1062.915382,1064.008000,1.092618,0.459145
701,1064.071551,1064.008000,0.063551,0.430187
702,1065.121855,1064.848000,0.273855,0.434015
703,1066.463223,1066.312000,0.151223,0.425814
704,1067.418860,1067.232000,0.186860,0.436647
705,1067.990000,1068.112000,0.122000,0.431629
706,1070.535042,1070.696000,0.160958,0.443968
707,1071.618623,1072.360000,0.741377,0.469333
708,1072.543998,1072.672000,0.128002,0.449363
709,1073.570353,1074.120000,0.549647,0.435043
710,1074.747771,1074.840000,0.092229,0.433040
711,1076.266626,1075.776000,0.490626,0.431672
712,1076.924056,1077.000000,0.075944,0.398748
713,1078.647198,1078.688000,0.040802,0.448988
714,1079.809965,1079.392000,0.417965,0.429897
715,1081.171002,1081.344000,0.172998,0.408552
716,1082.952750,1083.816000,0.863250,0.435189
717,1083.295467,1083.816000,0.520533,0.439035
718,1084.183264,1084.176000,0.007264,0.426307
719,1085.647831,1085.416000,0.231831,0.444029
720,1086.911999,1086.600000,0.311999,0.473548
721,1088.755725,1088.736000,0.019725,0.439492
722,1089.795338,1089.976000,0.180662,0.473791
723,1090.863191,1091.224000,0.360809,0.450669
724,1091.728473,1091.224000,0.504473,0.438080
725,1093.440873,1093.416000,0.024873,0.459470
726,1094.284458,1094.616000,0.331542,0.430735
727,1095.433085,1095.240000,0.193085,0.443706
728,1096.401918,1096.584000,0.182082,0.424941
729,1098.841015,1098.712000,0.129015,0.464075
730,1099.360667,1099.040000,0.320667,0.439201
731,1100.574461,1100.616000,0.041539,0.439804
732,1101.839111,1102.000000,0.160889,0.437059
733,1102.551780,1102.000000,0.551780,0.447672
734,1103.732297,1103.648000,0.084297,0.447788
735,1105.617189,1105.848000,0.230811,0.443625
736,1106.774372,1106.488000,0.286372,0.450586
737,1107.774532,1107.728000,0.046532,0.439590
738,1109.158919,1109.072000,0.086919,0.441871
739,1110.444143,1110.632000,0.187857,0.446242
740,1111.443505,1111.232000,0.211505,0.450555
741,1112.432995,1111.832000,0.600995,0.432166
742,1113.397595,1113.288000,0.109595,0.449169
743,1115.065359,1115.544000,0.478641,0.434555
744,1116.787254,1116.264000,0.523254,0.445759
745,1117.965920,1117.976000,0.010080,0.450295
746,1118.684135,1118.720000,0.035865,0.438825
747,1119.473247,1119.328000,0.145247,0.430965
748,1121.155938,1119.936000,1.219938,0.436861
749,1122.458621,1123.472000,1.013379,0.460142
750,1123.101117,1123.472000,0.370883,0.455699
751,1125.314729,1124.840000,0.474729,0.433350
752,1125.763442,1126.104000,0.340558,0.436387
753,1127.658024,1126.800000,0.858024,0.446603
754,1128.430225,1128.824000,0.393775,0.448814
755,1129.728997,1129.992000,0.263003,0.423982
756,1130.391598,1130.752000,0.360402,0.428557
757,1131.495086,1131.208000,0.287086,0.434758
758,1133.708626,1133.696000,0.012626,0.442148
759,1134.885655,1134.824000,0.061655,0.456431
760,1135.562214,1134.824000,0.738214,0.421416
761,1136.929293,1137.048000,0.118707,0.443971
762,1138.151590,1137.752000,0.399590,0.453068
763,1138.992342,1139.216000,0.223658,0.446396
764,1140.721848,1140.728000,0.006152,0.433650
765,1141.261023,1140.728000,0.533023,0.441426
766,1142.858660,1142.528000,0.330660,0.445139
767,1144.782300,1145.200000,0.417700,0.439769
768,1145.485328,1145.200000,0.285328,0.433671
769,1146.576815,1146.920000,0.343185,0.433657
770,1147.501777,1147.448000,0.053777,0.443900
771,1148.615277,1148.576000,0.039277,0.434406
772,1149.982601,1150.128000,0.145399,0.412835
773,1151.562815,1151.696000,0.133185,0.453752
774,1152.943129,1152.672000,0.271129,0.430423
775,1153.890304,1154.768000,0.877696,0.447435
776,1154.697520,1154.768000,0.070480,0.466317
777,1156.621568,1156.392000,0.229568,0.436271
778,1157.432315,1157.528000,0.095685,0.432816
779,1158.001609,1157.528000,0.473609,0.445377
780,1159.480657,1159.536000,0.055343,0.402890
781,1161.396645,1161.312000,0.084645,0.451936
782,1162.487529,1162.544000,0.056471,0.436973
783,1163.701032,1163.552000,0.149032,0.430883
784,1164.737586,1164.928000,0.190414,0.419352
785,1165.271228,1165.488000,0.216772,0.410115
786,1166.943613,1166.968000,0.024387,0.426553
787,1168.086272,1167.960000,0.126272,0.444401
788,1169.698357,1170.312000,0.613643,0.436798
789,1170.463639,1170.312000,0.151639,0.423641
790,1172.120682,1172.168000,0.047318,0.429938
791,1173.305688,1172.488000,0.817688,0.418714
792,1174.232767,1174.440000,0.207233,0.438756
793,1175.215452,1175.184000,0.031452,0.454870
794,1176.632876,1176.008000,0.624876,0.470429
795,1177.106304,1177.424000,0.317696,0.469705
796,1179.701224,1179.968000,0.266776,0.450381
797,1180.653544,1181.000000,0.346456,0.440872
798,1181.267318,1181.392000,0.124682,0.438267
799,1182.582270,1182.736000,0.153730,0.485214
800,1183.712775,1184.224000,0.511225,0.445263
801,1185.155843,1185.088000,0.067843,0.451558
802,1185.875359,1185.856000,0.019359,0.434990
803,1187.345161,1187.376000,0.030839,0.409889
804,1188.856444,1188.616000,0.240444,0.413710
805,1189.963636,1189.784000,0.179636,0.406013
806,1191.482606,1192.216000,0.733394,0.415937
807,1192.218611,1192.216000,0.002611,0.412059
808,1193.324021,1193.440000,0.115979,0.421315
809,1193.857427,1193.440000,0.417427,0.418722
810,1196.034672,1195.792000,0.242672,0.448724
811,1197.071787,1197.072000,0.000213,0.425682
812,1198.686569,1198.304000,0.382569,0.459670
813,1199.356514,1198.304000,1.052514,0.470624
814,1200.532692,1201.416000,0.883308,0.442237
815,1201.810335,1201.416000,0.394335,0.438455
816,1203.137351,1203.128000,0.009351,0.420767
817,1203.855248,1203.632000,0.223248,0.437073
818,1204.985492,1204.776000,0.209492,0.440256
819,1206.870500,1206.408000,0.462500,0.416787
820,1208.471460,1207.616000,0.855460,0.435727
821,1208.989484,1209.528000,0.538516,0.430599
822,1209.898030,1210.032000,0.133970,0.447346
823,1211.416116,1211.520000,0.103884,0.437130
824,1212.113153,1212.392000,0.278847,0.448186
825,1213.598373,1213.856000,0.257627,0.456096
826,1215.389975,1215.480000,0.090025,0.452864
827,1216.183722,1216.288000,0.104278,0.461001
828,1217.174482,1216.288000,0.886482,0.421369
829,1219.050028,1218.936000,0.114028,0.435370
830,1219.614471,1219.400000,0.214471,0.433275
831,1220.816348,1220.024000,0.792348,0.436610
832,1221.692242,1221.712000,0.019758,0.442369
833,1222.952484,1222.272000,0.680484,0.421089
834,1225.018330,1224.792000,0.226330,0.411896
835,1225.855021,1226.648000,0.792979,0.407773
836,1227.231828,1227.520000,0.288172,0.462723
837,1227.917142,1228.040000,0.122858,0.451466
838,1228.793154,1229.136000,0.342846,0.421806
839,1230.584603,1230.560000,0.024603,0.420593
840,1231.562274,1231.368000,0.194274,0.437412
841,1232.529587,1231.880000,0.649587,0.438205
842,1234.277817,1233.248000,1.029817,0.423588
843,1235.502549,1235.528000,0.025451,0.433478
844,1236.399017,1236.512000,0.112983,0.429166
845,1237.977299,1237.960000,0.017299,0.441349
846,1238.457233,1238.680000,0.222767,0.446991
847,1239.490807,1239.976000,0.485193,0.432606
848,1240.813472,1240.792000,0.021472,0.451557
849,1243.078076,1243.328000,0.249924,0.448967
850,1243.538147,1243.328000,0.210147,0.449375
851,1244.851434,1244.920000,0.068566,0.453919
852,1245.655866,1246.024000,0.368134,0.434523
853,1247.372562,1248.056000,0.683438,0.446350
854,1248.063061,1248.056000,0.007061,0.439111
855,1249.159888,1249.272000,0.112112,0.439776
856,1250.672397,1251.288000,0.615603,0.431919
857,1251.659832,1251.768000,0.108168,0.455405
858,1253.673578,1253.056000,0.617578,0.451408
859,1254.431328,1254.888000,0.456672,0.440820
860,1255.408231,1255.520000,0.111769,0.450998
861,1256.181214,1256.168000,0.013214,0.448735
862,1257.541219,1257.168000,0.373219,0.432594
863,1258.779233,1258.864000,0.084767,0.460058
864,1260.344548,1259.904000,0.440548,0.422756
865,1261.611717,1259.904000,1.707717,0.422618
866,1262.556614,1263.600000,1.043386,0.412224
867,1263.676733,1263.600000,0.076733,0.429441
868,1264.957223,1265.688000,0.730777,0.433123
869,1266.179038,1266.264000,0.084962,0.426570
870,1267.200346,1268.032000,0.831654,0.437947
871,1267.570572,1268.032000,0.461428,0.446016
872,1270.118922,1270.224000,0.105078,0.433605
873,1271.134300,1271.112000,0.022300,0.412165
874,1272.083960,1271.856000,0.227960,0.450705
875,1273.261145,1273.304000,0.042855,0.451260
876,1274.196221,1274.056000,0.140221,0.432746
877,1275.092030,1275.224000,0.131970,0.454018
878,1276.842172,1276.664000,0.178172,0.475325
879,1277.763092,1278.080000,0.316908,0.442877
880,1279.332843,1278.080000,1.252843,0.446312
881,1280.155794,1281.344000,1.188206,0.447129
882,1281.828727,1281.736000,0.092727,0.455111
883,1283.000491,1283.040000,0.039509,0.420820
884,1283.335032,1283.600000,0.264968,0.430400
885,1284.854795,1284.816000,0.038795,0.418890
886,1285.695023,1286.040000,0.344977,0.414888
887,1287.410027,1287.336000,0.074027,0.432750
888,1289.165352,1288.408000,0.757352,0.443005
889,1290.104772,1290.056000,0.048772,0.436928
890,1290.417708,1290.312000,0.105708,0.441076
891,1291.945871,1291.944000,0.001871,0.438279
892,1293.493982,1293.328000,0.165982,0.430549
893,1294.118474,1293.328000,0.790474,0.426695
894,1295.365364,1295.416000,0.050636,0.427000
895,1296.801111,1297.056000,0.254889,0.436808
896,1298.256527,1298.680000,0.423473,0.410710
897,1299.405171,1298.984000,0.421171,0.414960
898,1300.490019,1300.824000,0.333981,0.432113
899,1301.495517,1300.824000,0.671517,0.444844
900,1302.346742,1302.352000,0.005258,0.444121
901,1303.273200,1303.256000,0.017200,0.443198
902,1305.401672,1304.984000,0.417672,0.437235
903,1306.508393,1307.024000,0.515607,0.464728
904,1307.267242,1307.024000,0.243242,0.456864
905,1308.988197,1309.304000,0.315803,0.451869
906,1309.421532,1309.304000,0.117532,0.439772
907,1311.056571,1310.656000,0.400571,0.429151
908,1311.966941,1311.896000,0.070941,0.432965
909,1313.031599,1313.080000,0.048401,0.427097
910,1314.052566,1313.536000,0.516566,0.440815
911,1316.212113,1316.584000,0.371887,0.419360
912,1317.072986,1316.896000,0.176986,0.443575
913,1318.171279,1318.760000,0.588721,0.450374
914,1318.947881,1318.760000,0.187881,0.435917
915,1319.931083,1320.320000,0.388917,0.433839
916,1321.628139,1321.504000,0.124139,0.438852
917,1322.258067,1322.056000,0.202067,0.436908
918,1324.224979,1323.888000,0.336979,0.435390
919,1325.237624,1325.456000,0.218376,0.436247
920,1325.981970,1325.824000,0.157970,0.447173
921,1327.635281,1328.272000,0.636719,0.450367
922,1329.043518,1328.984000,0.059518,0.452619
923,1329.205019,1328.984000,0.221019,0.458484
924,1330.429937,1329.848000,0.581937,0.443394
925,1331.827591,1332.136000,0.308409,0.447248
926,1333.673523,1334.216000,0.542477,0.438190
927,1334.747329,1334.216000,0.531329,0.467590
928,1335.694975,1335.312000,0.382975,0.447089
929,1336.690185,1337.008000,0.317815,0.449010
930,1337.688792,1337.008000,0.680792,0.452413
931,1338.923165,1339.112000,0.188835,0.440419
932,1340.426400,1339.776000,0.650400,0.438383
933,1341.166272,1341.168000,0.001728,0.443428
934,1342.608508,1342.704000,0.095492,0.435024
935,1344.156044,1344.672000,0.515956,0.435694
936,1345.477106,1346.144000,0.666894,0.458583
937,1345.731413,1346.144000,0.412587,0.466038
938,1347.519472,1347.640000,0.120528,0.419032
939,1348.017238,1347.640000,0.377238,0.427711
940,1349.085194,1349.160000,0.074806,0.413454
941,1351.296206,1351.456000,0.159794,0.457110
942,1352.210465,1351.936000,0.274465,0.449504
943,1353.483338,1352.704000,0.779338,0.436706
944,1353.886782,1354.856000,0.969218,0.437692
945,1355.680595,1355.616000,0.064595,0.460097
946,1356.605656,1356.336000,0.269656,0.424428
947,1357.771743,1358.048000,0.276257,0.412656
948,1358.460160,1358.776000,0.315840,0.418954
949,1360.393145,1360.008000,0.385145,0.415627
950,1361.393075,1361.064000,0.329075,0.432528
951,1363.022329,1363.040000,0.017671,0.444835
952,1363.879191,1363.664000,0.215191,0.440904
953,1364.576585,1364.568000,0.008585,0.441450
954,1365.493734,1365.952000,0.458266,0.436387
955,1367.104091,1367.040000,0.064091,0.445962
956,1368.330193,1368.424000,0.093807,0.427606
957,1369.686949,1370.488000,0.801051,0.432193
958,1370.973523,1370.488000,0.485523,0.422742
959,1371.686554,1371.576000,0.110554,0.413752
960,1373.202915,1373.416000,0.213085,0.444462
961,1374.154799,1374.640000,0.485201,0.443582
962,1375.302392,1375.240000,0.062392,0.433487
963,1376.161780,1375.776000,0.385780,0.431288
964,1377.177634,1377.880000,0.702366,0.443931
965,1379.683283,1379.800000,0.116717,0.441479
966,1380.148578,1379.800000,0.348578,0.453406
967,1381.073977,1381.104000,0.030023,0.453456
968,1382.345663,1382.496000,0.150337,0.424515
969,1383.297591,1383.072000,0.225591,0.426232
970,1384.444416,1384.472000,0.027584,0.457279
971,1385.663777,1386.064000,0.400223,0.443770
972,1387.326648,1386.928000,0.398648,0.442981
973,1387.921454,1387.976000,0.054546,0.444063
974,1389.565832,1389.608000,0.042168,0.429525
975,1390.705490,1391.072000,0.366510,0.443887
976,1391.853200,1391.712000,0.141200,0.459557
977,1392.644028,1392.712000,0.067972,0.472403
978,1393.433402,1393.320000,0.113402,0.449166
979,1394.884185,1394.760000,0.124185,0.444772
980,1396.544163,1396.696000,0.151837,0.447317
981,1397.834623,1397.808000,0.026623,0.439481
982,1398.837675,1397.808000,1.029675,0.448454
983,1399.839473,1400.040000,0.200527,0.431384
984,1400.426946,1400.528000,0.101054,0.441470
985,1402.564347,1402.432000,0.132347,0.411734
986,1402.973748,1403.168000,0.194252,0.432026
987,1404.006292,1404.496000,0.489708,0.444712
988,1405.666975,1405.616000,0.050975,0.444871
989,1407.085143,1407.048000,0.037143,0.461852
990,1408.136307,1407.672000,0.464307,0.422014
991,1409.320681,1410.648000,1.327319,0.440676
992,1410.024811,1410.648000,0.623189,0.455067
993,1411.257057,1411.640000,0.382943,0.421060
994,1411.965653,1411.912000,0.053653,0.418205
995,1413.843149,1414.072000,0.228851,0.420387
996,1415.585785,1415.480000,0.105785,0.440358
997,1415.781581,1415.480000,0.301581,0.436808
998,1417.102823,1416.496000,0.606823,0.416687
999,1418.696964,1418.672000,0.024964,0.431673
1000,1419.422481,1419.120000,0.302481,0.443995
