n,g_n
1,17.8455995404
2,23.1702827012
3,27.6701822178
4,31.7179799548
5,35.4671842971
6,38.9992099640
7,42.3635503921
8,45.5930289815
9,48.7107766218
10,51.7338428133
11,54.6752374469
12,57.5451651795
13,60.3518119691
14,63.1018679824
15,65.8008876381
16,68.4535449175
17,71.0638190103
18,73.6351322586
19,76.1704546111
20,78.6723840433
21,81.1432093918
22,83.5849600997
23,85.9994460667
24,88.3882899164
25,90.7529533775
26,93.0947590439
27,95.4149084705
28,97.7144973327
29,99.9945282143
30,102.2559214641
31,104.4995244664
32,106.7261196012
33,108.9364311145
34,111.1311310761
35,113.3108445694
36,115.4761542318
37,117.6276042413
38,119.7657038321
39,121.8909304039
40,124.0037322819
41,126.1045311743
42,128.1937243676
43,130.2716866919
44,132.3387722867
45,134.3953161903
46,136.4416357747
47,138.4780320435
48,140.5047908089
49,142.5221837614
50,144.5304694434
51,146.5298941380
52,148.5206926810
53,150.5030892045
54,152.4772978195
55,154.4435232423
56,156.4019613718
57,158.3527998210
58,160.2962184081
59,162.2323896103
60,164.1614789837
61,166.0836455531
62,167.9990421732
63,169.9078158646
64,171.8101081263
65,173.7060552274
66,175.5957884778
67,177.4794344823
68,179.3571153776
69,181.2289490538
70,183.0950493621
71,184.9555263094
72,186.8104862411
73,188.6600320123
74,190.5042631496
75,192.3432760022
76,194.1771638851
77,196.0060172137
78,197.8299236308
79,199.6489681261
80,201.4632331499
81,203.2727987196
82,205.0777425216
83,206.8781400064
84,208.6740644798
85,210.4655871887
86,212.2527774030
87,214.0357024930
88,215.8144280025
89,217.5890177195
90,219.3595337420
91,221.1260365415
92,222.8885850233
93,224.6472365836
94,226.4020471643
95,228.1530713051
96,229.9003621931
97,231.6439717103
98,233.3839504791
99,235.1203479049
100,236.8532122185
101,238.5825905145
102,240.3085287902
103,242.0310719811
104,243.7502639959
105,245.4661477495
106,247.1787651954
107,248.8881573552
108,250.5943643491
109,252.2974254230
110,253.9973789760
111,255.6942625862
112,257.3881130355
113,259.0789663334
114,260.7668577405
115,262.4518217898
116,264.1338923086
117,265.8131024389
118,267.4894846566
119,269.1630707910
120,270.8338920430
121,272.5019790023
122,274.1673616650
123,275.8300694494
124,277.4901312119
125,279.1475752627
126,280.8024293797
127,282.4547208235
128,284.1044763503
129,285.7517222259
130,287.3964842379
131,289.0387877082
132,290.6786575053
133,292.3161180552
134,293.9511933532
135,295.5839069742
136,297.2142820835
137,298.8423414467
138,300.4681074396
139,302.0916020578
140,303.7128469255
141,305.3318633048
142,306.9486721042
143,308.5632938870
144,310.1757488790
145,311.7860569771
146,313.3942377564
147,315.0003104776
148,316.6042940944
149,318.2062072602
150,319.8060683354
151,321.4038953931
152,322.9997062263
153,324.5935183535
154,326.1853490252
155,327.7752152293
156,329.3631336971
157,330.9491209086
158,332.5331930980
159,334.1153662589
160,335.6956561494
161,337.2740782970
162,338.8506480033
163,340.4253803488
164,341.9982901975
165,343.5693922012
166,345.1387008039
167,346.7062302458
168,348.2719945679
169,349.8360076151
170,351.3982830412
171,352.9588343117
172,354.5176747079
173,356.0748173306
174,357.6302751034
175,359.1840607763
176,360.7361869285
177,362.2866659726
178,363.8355101567
179,365.3827315684
180,366.9283421371
181,368.4723536375
182,370.0147776920
183,371.5556257739
184,373.0949092098
185,374.6326391825
186,376.1688267335
187,377.7034827656
188,379.2366180452
189,380.7682432051
190,382.2983687465
191,383.8270050415
192,385.3541623354
193,386.8798507487
194,388.4040802795
195,389.9268608055
196,391.4482020861
197,392.9681137644
198,394.4866053692
199,396.0036863169
200,397.5193659134
201,399.0336533560
202,400.5465577350
203,402.0580880359
204,403.5682531407
205,405.0770618298
206,406.5845227835
207,408.0906445841
208,409.5954357167
209,411.0989045715
210,412.6010594449
211,414.1019085411
212,415.6014599737
213,417.0997217668
214,418.5967018567
215,420.0924080933
216,421.5868482412
217,423.0800299811
218,424.5719609113
219,426.0626485486
220,427.5521003300
221,429.0403236135
222,430.5273256793
223,432.0131137316
224,433.4976948988
225,434.9810762354
226,436.4632647226
227,437.9442672697
228,439.4240907151
229,440.9027418271
230,442.3802273053
231,443.8565537812
232,445.3317278196
233,446.8057559192
234,448.2786445138
235,449.7503999732
236,451.2210286037
237,452.6905366497
238,454.1589302941
239,455.6262156593
240,457.0923988078
241,458.5574857435
242,460.0214824123
243,461.4843947027
244,462.9462284468
245,464.4069894211
246,465.8666833472
247,467.3253158923
248,468.7828926705
249,470.2394192430
250,471.6949011190
251,473.1493437564
252,474.6027525626
253,476.0551328950
254,477.5064900614
255,478.9568293214
256,480.4061558863
257,481.8544749201
258,483.3017915401
259,484.7481108173
260,486.1934377773
261,487.6377774005
262,489.0811346232
263,490.5235143375
264,491.9649213924
265,493.4053605943
266,494.8448367071
267,496.2833544533
268,497.7209185142
269,499.1575335302
270,500.5932041020
271,502.0279347904
272,503.4617301170
273,504.8945945649
274,506.3265325790
275,507.7575485663
276,509.1876468968
277,510.6168319035
278,512.0451078830
279,513.4724790960
280,514.8989497678
281,516.3245240885
282,517.7492062135
283,519.1730002642
284,520.5959103277
285,522.0179404581
286,523.4390946761
287,524.8593769700
288,526.2787912955
289,527.6973415766
290,529.1150317057
291,530.5318655440
292,531.9478469218
293,533.3629796391
294,534.7772674654
295,536.1907141409
296,537.6033233759
297,539.0150988519
298,540.4260442214
299,541.8361631085
300,543.2454591091
301,544.6539357913
302,546.0615966957
303,547.4684453357
304,548.8744851975
305,550.2797197410
306,551.6841523995
307,553.0877865805
308,554.4906256655
309,555.8926730106
310,557.2939319467
311,558.6944057797
312,560.0940977907
313,561.4930112367
314,562.8911493503
315,564.2885153403
316,565.6851123917
317,567.0809436662
318,568.4760123026
319,569.8703214163
320,571.2638741004
321,572.6566734254
322,574.0487224397
323,575.4400241696
324,576.8305816197
325,578.2203977733
326,579.6094755920
327,580.9978180167
328,582.3854279671
329,583.7723083425
330,585.1584620216
331,586.5438918630
332,587.9286007051
333,589.3125913666
334,590.6958666465
335,592.0784293244
336,593.4602821605
337,594.8414278962
338,596.2218692539
339,597.6016089373
340,598.9806496315
341,600.3589940036
342,601.7366447023
343,603.1136043583
344,604.4898755848
345,605.8654609771
346,607.2403631131
347,608.6145845536
348,609.9881278421
349,611.3609955053
350,612.7331900530
351,614.1047139785
352,615.4755697584
353,616.8457598532
354,618.2152867073
355,619.5841527488
356,620.9523603902
357,622.3199120282
358,623.6868100440
359,625.0530568034
360,626.4186546567
361,627.7836059393
362,629.1479129716
363,630.5115780590
364,631.8746034923
365,633.2369915478
366,634.5987444870
367,635.9598645576
368,637.3203539926
369,638.6802150113
370,640.0394498190
371,641.3980606069
372,642.7560495530
373,644.1134188213
374,645.4701705626
375,646.8263069143
376,648.1818300007
377,649.5367419329
378,650.8910448091
379,652.2447407145
380,653.5978317217
381,654.9503198908
382,656.3022072689
383,657.6534958913
384,659.0041877805
385,660.3542849471
386,661.7037893895
387,663.0527030941
388,664.4010280354
389,665.7487661762
390,667.0959194675
391,668.4424898490
392,669.7884792484
393,671.1338895825
394,672.4787227567
395,673.8229806649
396,675.1666651903
397,676.5097782049
398,677.8523215698
399,679.1942971354
400,680.5357067410
401,681.8765522157
402,683.2168353779
403,684.5565580353
404,685.8957219856
405,687.2343290159
406,688.5723809032
407,689.9098794144
408,691.2468263063
409,692.5832233259
410,693.9190722099
411,695.2543746858
412,696.5891324708
413,697.9233472728
414,699.2570207901
415,700.5901547114
416,701.9227507161
417,703.2548104741
418,704.5863356462
419,705.9173278839
420,707.2477888297
421,708.5777201170
422,709.9071233701
423,711.2360002047
424,712.5643522272
425,713.8921810358
426,715.2194882195
427,716.5462753591
428,717.8725440264
429,719.1982957851
430,720.5235321902
431,721.8482547886
432,723.1724651186
433,724.4961647105
434,725.8193550863
435,727.1420377599
436,728.4642142373
437,729.7858860163
438,731.1070545870
439,732.4277214314
440,733.7478880239
441,735.0675558309
442,736.3867263115
443,737.7054009168
444,739.0235810905
445,740.3412682689
446,741.6584638805
447,742.9751693467
448,744.2913860814
449,745.6071154914
450,746.9223589759
451,748.2371179273
452,749.5513937306
453,750.8651877639
454,752.1785013981
455,753.4913359972
456,754.8036929184
457,756.1155735117
458,757.4269791207
459,758.7379110819
460,760.0483707252
461,761.3583593737
462,762.6678783441
463,763.9769289463
464,765.2855124837
465,766.5936302533
466,767.9012835457
467,769.2084736449
468,770.5152018286
469,771.8214693685
470,773.1272775296
471,774.4326275708
472,775.7375207452
473,777.0419582992
474,778.3459414735
475,779.6494715026
476,780.9525496151
477,782.2551770335
478,783.5573549745
479,784.8590846489
480,786.1603672616
481,787.4612040118
482,788.7615960929
483,790.0615446926
484,791.3610509927
485,792.6601161698
486,793.9587413946
487,795.2569278322
488,796.5546766423
489,797.8519889792
490,799.1488659915
491,800.4453088226
492,801.7413186105
493,803.0368964878
494,804.3320435817
495,805.6267610143
496,806.9210499025
497,808.2149113577
498,809.5083464866
499,810.8013563904
500,812.0939421653
501,813.3861049026
502,814.6778456883
503,815.9691656036
504,817.2600657247
505,818.5505471229
506,819.8406108645
507,821.1302580111
508,822.4194896192
509,823.7083067408
510,824.9967104230
511,826.2847017082
512,827.5722816340
513,828.8594512334
514,830.1462115347
515,831.4325635617
516,832.7185083335
517,834.0040468647
518,835.2891801653
519,836.5739092410
520,837.8582350927
521,839.1421587171
522,840.4256811065
523,841.7088032488
524,842.9915261273
525,844.2738507214
526,845.5557780057
527,846.8373089510
528,848.1184445235
529,849.3991856855
530,850.6795333947
531,851.9594886050
532,853.2390522660
533,854.5182253231
534,855.7970087179
535,857.0754033875
536,858.3534102654
537,859.6310302808
538,860.9082643590
539,862.1851134213
540,863.4615783852
541,864.7376601640
542,866.0133596675
543,867.2886778012
544,868.5636154671
545,869.8381735632
546,871.1123529837
547,872.3861546192
548,873.6595793562
549,874.9326280779
550,876.2053016635
551,877.4776009885
552,878.7495269250
553,880.0210803412
554,881.2922621017
555,882.5630730677
556,883.8335140966
557,885.1035860425
558,886.3732897556
559,887.6426260829
560,888.9115958678
561,890.1801999502
562,891.4484391666
563,892.7163143501
564,893.9838263303
565,895.2509759335
566,896.5177639825
567,897.7841912969
568,899.0502586929
569,900.3159669833
570,901.5813169779
571,902.8463094828
572,904.1109453012
573,905.3752252329
574,906.6391500746
575,907.9027206197
576,909.1659376583
577,910.4288019777
578,911.6913143617
579,912.9534755911
580,914.2152864438
581,915.4767476942
582,916.7378601141
583,917.9986244717
584,919.2590415327
585,920.5191120595
586,921.7788368114
587,923.0382165450
588,924.2972520138
589,925.5559439682
590,926.8142931560
591,928.0723003217
592,929.3299662072
593,930.5872915513
594,931.8442770901
595,933.1009235568
596,934.3572316816
597,935.6132021922
598,936.8688358132
599,938.1241332665
600,939.3790952713
601,940.6337225439
602,941.8880157981
603,943.1419757446
604,944.3956030918
605,945.6488985450
606,946.9018628071
607,948.1544965783
608,949.4068005560
609,950.6587754351
610,951.9104219077
611,953.1617406636
612,954.4127323896
613,955.6633977703
614,956.9137374874
615,958.1637522203
616,959.4134426457
617,960.6628094378
618,961.9118532684
619,963.1605748067
620,964.4089747193
621,965.6570536706
622,966.9048123222
623,968.1522513336
624,969.3993713616
625,970.6461730607
626,971.8926570829
627,973.1388240780
628,974.3846746932
629,975.6302095735
630,976.8754293613
631,978.1203346969
632,979.3649262181
633,980.6092045606
634,981.8531703575
635,983.0968242397
636,984.3401668360
637,985.5831987727
638,986.8259206739
639,988.0683331614
640,989.3104368550
641,990.5522323720
642,991.7937203276
643,993.0349013347
644,994.2757760042
645,995.5163449447
646,996.7566087625
647,997.9965680620
648,999.2362234452
649,1000.4755755123
650,1001.7146248609
651,1002.9533720869
652,1004.1918177839
653,1005.4299625435
654,1006.6678069551
655,1007.9053516061
656,1009.1425970818
657,1010.3795439655
658,1011.6161928385
659,1012.8525442798
660,1014.0885988668
661,1015.3243571746
662,1016.5598197763
663,1017.7949872431
664,1019.0298601442
665,1020.2644390468
666,1021.4987245162
667,1022.7327171157
668,1023.9664174067
669,1025.1998259486
670,1026.4329432988
671,1027.6657700131
672,1028.8983066451
673,1030.1305537466
674,1031.3625118675
675,1032.5941815558
676,1033.8255633578
677,1035.0566578177
678,1036.2874654780
679,1037.5179868793
680,1038.7482225605
681,1039.9781730585
682,1041.2078389084
683,1042.4372206436
684,1043.6663187957
685,1044.8951338944
686,1046.1236664679
687,1047.3519170421
688,1048.5798861418
689,1049.8075742894
690,1051.0349820062
691,1052.2621098111
692,1053.4889582219
693,1054.7155277542
694,1055.9418189222
695,1057.1678322382
696,1058.3935682129
697,1059.6190273553
698,1060.8442101727
699,1062.0691171708
700,1063.2937488535
701,1064.5181057232
702,1065.7421882806
703,1066.9659970246
704,1068.1895324528
705,1069.4127950609
706,1070.6357853430
707,1071.8585037918
708,1073.0809508983
709,1074.3031271517
710,1075.5250330398
711,1076.7466690489
712,1077.9680356636
713,1079.1891333670
714,1080.4099626406
715,1081.6305239643
716,1082.8508178166
717,1084.0708446743
718,1085.2906050129
719,1086.5100993061
720,1087.7293280263
721,1088.9482916443
722,1090.1669906294
723,1091.3854254494
724,1092.6035965707
725,1093.8215044581
726,1095.0391495750
727,1096.2565323834
728,1097.4736533436
729,1098.6905129147
730,1099.9071115543
731,1101.1234497184
732,1102.3395278618
733,1103.5553464377
734,1104.7709058980
735,1105.9862066930
736,1107.2012492719
737,1108.4160340821
738,1109.6305615700
739,1110.8448321803
740,1112.0588463566
741,1113.2726045408
742,1114.4861071738
743,1115.6993546948
744,1116.9123475418
745,1118.1250861514
746,1119.3375709590
747,1120.5498023985
748,1121.7617809024
749,1122.9735069022
750,1124.1849808276
751,1125.3962031074
752,1126.6071741690
753,1127.8178944383
754,1129.0283643400
755,1130.2385842977
756,1131.4485547334
757,1132.6582760680
758,1133.8677487211
759,1135.0769731111
760,1136.2859496549
761,1137.4946787684
762,1138.7031608661
763,1139.9113963614
764,1141.1193856661
765,1142.3271291913
766,1143.5346273464
767,1144.7418805397
768,1145.9488891785
769,1147.1556536686
770,1148.3621744147
771,1149.5684518204
772,1150.7744862878
773,1151.9802782182
774,1153.1858280113
775,1154.3911360660
776,1155.5962027797
777,1156.8010285488
778,1158.0056137685
779,1159.2099588329
780,1160.4140641347
781,1161.6179300658
782,1162.8215570166
783,1164.0249453765
784,1165.2280955339
785,1166.4310078759
786,1167.6336827884
787,1168.8361206564
788,1170.0383218635
789,1171.2402867925
790,1172.4420158248
791,1173.6435093409
792,1174.8447677201
793,1176.0457913405
794,1177.2465805793
795,1178.4471358125
796,1179.6474574150
797,1180.8475457608
798,1182.0474012226
799,1183.2470241721
800,1184.4464149799
801,1185.6455740157
802,1186.8445016479
803,1188.0431982441
804,1189.2416641705
805,1190.4398997927
806,1191.6379054750
807,1192.8356815806
808,1194.0332284718
809,1195.2305465098
810,1196.4276360548
811,1197.6244974661
812,1198.8211311018
813,1200.0175373191
814,1201.2137164741
815,1202.4096689219
816,1203.6053950168
817,1204.8008951118
818,1205.9961695591
819,1207.1912187100
820,1208.3860429145
821,1209.5806425220
822,1210.7750178806
823,1211.9691693377
824,1213.1630972394
825,1214.3568019312
826,1215.5502837573
827,1216.7435430614
828,1217.9365801857
829,1219.1293954718
830,1220.3219892603
831,1221.5143618908
832,1222.7065137021
833,1223.8984450318
834,1225.0901562167
835,1226.2816475929
836,1227.4729194953
837,1228.6639722579
838,1229.8548062139
839,1231.0454216955
840,1232.2358190341
841,1233.4259985600
842,1234.6159606028
843,1235.8057054912
844,1236.9952335528
845,1238.1845451145
846,1239.3736405022
847,1240.5625200410
848,1241.7511840552
849,1242.9396328679
850,1244.1278668017
851,1245.3158861782
852,1246.5036913179
853,1247.6912825409
854,1248.8786601660
855,1250.0658245114
856,1251.2527758943
857,1252.4395146312
858,1253.6260410377
859,1254.8123554284
860,1255.9984581174
861,1257.1843494175
862,1258.3700296412
863,1259.5554990996
864,1260.7407581035
865,1261.9258069626
866,1263.1106459857
867,1264.2952754811
868,1265.4796957559
869,1266.6639071166
870,1267.8479098690
871,1269.0317043178
872,1270.2152907672
873,1271.3986695204
874,1272.5818408799
875,1273.7648051473
876,1274.9475626236
877,1276.1301136088
878,1277.3124584022
879,1278.4945973024
880,1279.6765306071
881,1280.8582586133
882,1282.0397816172
883,1283.2210999143
884,1284.4022137991
885,1285.5831235656
886,1286.7638295071
887,1287.9443319157
888,1289.1246310832
889,1290.3047273004
890,1291.4846208575
891,1292.6643120439
892,1293.8438011481
893,1295.0230884582
894,1296.2021742611
895,1297.3810588434
896,1298.5597424908
897,1299.7382254881
898,1300.9165081197
899,1302.0945906690
900,1303.2724734188
901,1304.4501566512
902,1305.6276406475
903,1306.8049256883
904,1307.9820120536
905,1309.1589000225
906,1310.3355898737
907,1311.5120818848
908,1312.6883763329
909,1313.8644734945
910,1315.0403736453
911,1316.2160770602
912,1317.3915840136
913,1318.5668947790
914,1319.7420096296
915,1320.9169288374
916,1322.0916526741
917,1323.2661814105
918,1324.4405153169
919,1325.6146546628
920,1326.7885997171
921,1327.9623507480
922,1329.1359080230
923,1330.3092718091
924,1331.4824423723
925,1332.6554199782
926,1333.8282048918
927,1335.0007973773
928,1336.1731976982
929,1337.3454061176
930,1338.5174228976
931,1339.6892482999
932,1340.8608825855
933,1342.0323260147
934,1343.2035788474
935,1344.3746413425
936,1345.5455137584
937,1346.7161963531
938,1347.8866893837
939,1349.0569931067
940,1350.2271077780
941,1351.3970336531
942,1352.5667709864
943,1353.7363200322
944,1354.9056810438
945,1356.0748542741
946,1357.2438399754
947,1358.4126383991
948,1359.5812497964
949,1360.7496744175
950,1361.9179125124
951,1363.0859643301
952,1364.2538301193
953,1365.4215101280
954,1366.5890046035
955,1367.7563137927
956,1368.9234379418
957,1370.0903772963
958,1371.2571321013
959,1372.4237026014
960,1373.5900890402
961,1374.7562916611
962,1375.9223107069
963,1377.0881464196
964,1378.2537990407
965,1379.4192688114
966,1380.5845559718
967,1381.7496607620
968,1382.9145834211
969,1384.0793241879
970,1385.2438833005
971,1386.4082609964
972,1387.5724575127
973,1388.7364730859
974,1389.9003079517
975,1391.0639623457
976,1392.2274365025
977,1393.3907306565
978,1394.5538450413
979,1395.7167798900
980,1396.8795354353
981,1398.0421119092
982,1399.2045095432
983,1400.3667285683
984,1401.5287692150
985,1402.6906317132
986,1403.8523162921
987,1405.0138231808
988,1406.1751526074
989,1407.3363047997
990,1408.4972799850
991,1409.6580783901
992,1410.8187002411
993,1411.9791457636
994,1413.1394151830
995,1414.2995087237
996,1415.4594266100
997,1416.6191690654
998,1417.7787363131
999,1418.9381285755
1000,1420.0973460749
1001,1421.2563890328
1002,1422.4152576701
1003,1423.5739522075
1004,1424.7324728651
1005,1425.8908198624
1006,1427.0489934184
1007,1428.2069937517
1008,1429.3648210803
1009,1430.5224756219
1010,1431.6799575934
1011,1432.8372672115
1012,1433.9944046922
1013,1435.1513702512
1014,1436.3081641035
1015,1437.4647864638
1016,1438.6212375462
1017,1439.7775175644
1018,1440.9336267315
1019,1442.0895652604
1020,1443.2453333631
1021,1444.4009312514
1022,1445.5563591366
1023,1446.7116172296
1024,1447.8667057406
1025,1449.0216248794
1026,1450.1763748556
1027,1451.3309558779
1028,1452.4853681550
1029,1453.6396118946
1030,1454.7936873045
1031,1455.9475945916
1032,1457.1013339626
1033,1458.2549056236
1034,1459.4083097804
1035,1460.5615466381
1036,1461.7146164015
1037,1462.8675192751
1038,1464.0202554626
1039,1465.1728251676
1040,1466.3252285929
1041,1467.4774659412
1042,1468.6295374145
1043,1469.7814432145
1044,1470.9331835425
1045,1472.0847585991
1046,1473.2361685847
1047,1474.3874136992
1048,1475.5384941421
1049,1476.6894101124
1050,1477.8401618086
1051,1478.9907494290
1052,1480.1411731712
1053,1481.2914332325
1054,1482.4415298099
1055,1483.5914630997
1056,1484.7412332980
1057,1485.8908406004
1058,1487.0402852019
1059,1488.1895672974
1060,1489.3386870812
1061,1490.4876447472
1062,1491.6364404889
1063,1492.7850744993
1064,1493.9335469711
1065,1495.0818580966
1066,1496.2300080675
1067,1497.3779970753
1068,1498.5258253110
1069,1499.6734929652
1070,1500.8210002280
1071,1501.9683472894
1072,1503.1155343385
1073,1504.2625615645
1074,1505.4094291559
1075,1506.5561373008
1076,1507.7026861870
1077,1508.8490760019
1078,1509.9953069325
1079,1511.1413791654
1080,1512.2872928867
1081,1513.4330482822
1082,1514.5786455373
1083,1515.7240848370
1084,1516.8693663659
1085,1518.0144903083
1086,1519.1594568480
1087,1520.3042661684
1088,1521.4489184526
1089,1522.5934138833
1090,1523.7377526427
1091,1524.8819349128
1092,1526.0259608752
1093,1527.1698307109
1094,1528.3135446007
1095,1529.4571027250
1096,1530.6005052639
1097,1531.7437523970
1098,1532.8868443035
1099,1534.0297811624
1100,1535.1725631522
1101,1536.3151904509
1102,1537.4576632365
1103,1538.5999816863
1104,1539.7421459774
1105,1540.8841562864
1106,1542.0260127897
1107,1543.1677156632
1108,1544.3092650825
1109,1545.4506612228
1110,1546.5919042590
1111,1547.7329943655
1112,1548.8739317166
1113,1550.0147164861
1114,1551.1553488472
1115,1552.2958289732
1116,1553.4361570368
1117,1554.5763332102
1118,1555.7163576656
1119,1556.8562305745
1120,1557.9959521083
1121,1559.1355224380
1122,1560.2749417341
1123,1561.4142101670
1124,1562.5533279065
1125,1563.6922951223
1126,1564.8311119835
1127,1565.9697786590
1128,1567.1082953174
1129,1568.2466621269
1130,1569.3848792554
1131,1570.5229468703
1132,1571.6608651388
1133,1572.7986342279
1134,1573.9362543039
1135,1575.0737255332
1136,1576.2110480814
1137,1577.3482221142
1138,1578.4852477967
1139,1579.6221252937
1140,1580.7588547698
1141,1581.8954363891
1142,1583.0318703155
1143,1584.1681567125
1144,1585.3042957433
1145,1586.4402875708
1146,1587.5761323575
1147,1588.7118302657
1148,1589.8473814573
1149,1590.9827860938
1150,1592.1180443364
1151,1593.2531563463
1152,1594.3881222838
1153,1595.5229423094
1154,1596.6576165830
1155,1597.7921452644
1156,1598.9265285127
1157,1600.0607664872
1158,1601.1948593464
1159,1602.3288072488
1160,1603.4626103525
1161,1604.5962688154
1162,1605.7297827947
1163,1606.8631524478
1164,1607.9963779315
1165,1609.1294594022
1166,1610.2623970164
1167,1611.3951909298
1168,1612.5278412982
1169,1613.6603482768
1170,1614.7927120207
1171,1615.9249326845
1172,1617.0570104228
1173,1618.1889453896
1174,1619.3207377387
1175,1620.4523876237
1176,1621.5838951978
1177,1622.7152606139
1178,1623.8464840245
1179,1624.9775655822
1180,1626.1085054388
1181,1627.2393037461
1182,1628.3699606556
1183,1629.5004763184
1184,1630.6308508854
1185,1631.7610845072
1186,1632.8911773340
1187,1634.0211295158
1188,1635.1509412023
1189,1636.2806125430
1190,1637.4101436870
1191,1638.5395347830
1192,1639.6687859797
1193,1640.7978974254
1194,1641.9268692680
1195,1643.0557016552
1196,1644.1843947345
1197,1645.3129486529
1198,1646.4413635574
1199,1647.5696395946
1200,1648.6977769107
1201,1649.8257756517
1202,1650.9536359635
1203,1652.0813579914
1204,1653.2089418807
1205,1654.3363877763
1206,1655.4636958228
1207,1656.5908661647
1208,1657.7178989459
1209,1658.8447943103
1210,1659.9715524015
1211,1661.0981733627
1212,1662.2246573371
1213,1663.3510044672
1214,1664.4772148956
1215,1665.6032887644
1216,1666.7292262157
1217,1667.8550273911
1218,1668.9806924320
1219,1670.1062214795
1220,1671.2316146746
1221,1672.3568721577
1222,1673.4819940694
1223,1674.6069805496
1224,1675.7318317382
1225,1676.8565477748
1226,1677.9811287986
1227,1679.1055749488
1228,1680.2298863640
1229,1681.3540631829
1230,1682.4781055436
1231,1683.6020135843
1232,1684.7257874427
1233,1685.8494272562
1234,1686.9729331622
1235,1688.0963052976
1236,1689.2195437992
1237,1690.3426488034
1238,1691.4656204466
1239,1692.5884588646
1240,1693.7111641932
1241,1694.8337365680
1242,1695.9561761241
1243,1697.0784829966
1244,1698.2006573201
1245,1699.3226992292
1246,1700.4446088582
1247,1701.5663863409
1248,1702.6880318113
1249,1703.8095454027
1250,1704.9309272485
1251,1706.0521774817
1252,1707.1732962351
1253,1708.2942836412
1254,1709.4151398323
1255,1710.5358649405
1256,1711.6564590976
1257,1712.7769224351
1258,1713.8972550844
1259,1715.0174571767
1260,1716.1375288427
1261,1717.2574702131
1262,1718.3772814184
1263,1719.4969625885
1264,1720.6165138536
1265,1721.7359353432
1266,1722.8552271867
1267,1723.9743895136
1268,1725.0934224526
1269,1726.2123261325
1270,1727.3311006820
1271,1728.4497462292
1272,1729.5682629023
1273,1730.6866508290
1274,1731.8049101370
1275,1732.9230409537
1276,1734.0410434061
1277,1735.1589176212
1278,1736.2766637257
1279,1737.3942818461
1280,1738.5117721086
1281,1739.6291346392
1282,1740.7463695637
1283,1741.8634770076
1284,1742.9804570964
1285,1744.0973099551
1286,1745.2140357087
1287,1746.3306344817
1288,1747.4471063987
1289,1748.5634515840
1290,1749.6796701614
1291,1750.7957622548
1292,1751.9117279879
1293,1753.0275674838
1294,1754.1432808659
1295,1755.2588682570
1296,1756.3743297798
1297,1757.4896655568
1298,1758.6048757103
1299,1759.7199603623
1300,1760.8349196348
1301,1761.9497536493
1302,1763.0644625272
1303,1764.1790463898
1304,1765.2935053580
1305,1766.4078395527
1306,1767.5220490944
1307,1768.6361341035
1308,1769.7500947001
1309,1770.8639310041
1310,1771.9776431354
1311,1773.0912312134
1312,1774.2046953574
1313,1775.3180356866
1314,1776.4312523199
1315,1777.5443453759
1316,1778.6573149731
1317,1779.7701612299
1318,1780.8828842642
1319,1781.9954841941
1320,1783.1079611371
1321,1784.2203152108
1322,1785.3325465323
1323,1786.4446552188
1324,1787.5566413871
1325,1788.6685051539
1326,1789.7802466356
1327,1790.8918659486
1328,1792.0033632088
1329,1793.1147385321
1330,1794.2259920342
1331,1795.3371238305
1332,1796.4481340363
1333,1797.5590227668
1334,1798.6697901366
1335,1799.7804362606
1336,1800.8909612532
1337,1802.0013652287
1338,1803.1116483012
1339,1804.2218105846
1340,1805.3318521925
1341,1806.4417732385
1342,1807.5515738359
1343,1808.6612540978
1344,1809.7708141372
1345,1810.8802540667
1346,1811.9895739990
1347,1813.0987740463
1348,1814.2078543210
1349,1815.3168149348
1350,1816.4256559997
1351,1817.5343776272
1352,1818.6429799287
1353,1819.7514630154
1354,1820.8598269985
1355,1821.9680719886
1356,1823.0761980966
1357,1824.1842054328
1358,1825.2920941076
1359,1826.3998642311
1360,1827.5075159131
1361,1828.6150492634
1362,1829.7224643916
1363,1830.8297614071
1364,1831.9369404190
1365,1833.0440015363
1366,1834.1509448678
1367,1835.2577705222
1368,1836.3644786080
1369,1837.4710692334
1370,1838.5775425065
1371,1839.6838985352
1372,1840.7901374273
1373,1841.8962592904
1374,1843.0022642318
1375,1844.1081523586
1376,1845.2139237780
1377,1846.3195785968
1378,1847.4251169217
1379,1848.5305388591
1380,1849.6358445153
1381,1850.7410339966
1382,1851.8461074089
1383,1852.9510648579
1384,1854.0559064493
1385,1855.1606322885
1386,1856.2652424809
1387,1857.3697371314
1388,1858.4741163451
1389,1859.5783802266
1390,1860.6825288806
1391,1861.7865624114
1392,1862.8904809234
1393,1863.9942845205
1394,1865.0979733067
1395,1866.2015473856
1396,1867.3050068610
1397,1868.4083518360
1398,1869.5115824140
1399,1870.6146986981
1400,1871.7177007910
1401,1872.8205887955
1402,1873.9233628142
1403,1875.0260229494
1404,1876.1285693034
1405,1877.2310019782
1406,1878.3333210757
1407,1879.4355266976
1408,1880.5376189455
1409,1881.6395979207
1410,1882.7414637245
1411,1883.8432164580
1412,1884.9448562220
1413,1886.0463831172
1414,1887.1477972444
1415,1888.2490987038
1416,1889.3502875957
1417,1890.4513640202
1418,1891.5523280773
1419,1892.6531798667
1420,1893.7539194880
1421,1894.8545470406
1422,1895.9550626239
1423,1897.0554663370
1424,1898.1557582788
1425,1899.2559385482
1426,1900.3560072438
1427,1901.4559644641
1428,1902.5558103075
1429,1903.6555448721
1430,1904.7551682559
1431,1905.8546805569
1432,1906.9540818727
1433,1908.0533723009
1434,1909.1525519390
1435,1910.2516208840
1436,1911.3505792332
1437,1912.4494270835
1438,1913.5481645317
1439,1914.6467916744
1440,1915.7453086080
1441,1916.8437154290
1442,1917.9420122335
1443,1919.0401991174
1444,1920.1382761768
1445,1921.2362435072
1446,1922.3341012043
1447,1923.4318493635
1448,1924.5294880801
1449,1925.6270174491
1450,1926.7244375656
1451,1927.8217485243
1452,1928.9189504200
1453,1930.0160433471
1454,1931.1130274001
1455,1932.2099026731
1456,1933.3066692603
1457,1934.4033272555
1458,1935.4998767526
1459,1936.5963178452
1460,1937.6926506268
1461,1938.7888751907
1462,1939.8849916301
1463,1940.9810000381
1464,1942.0769005076
1465,1943.1726931314
1466,1944.2683780021
1467,1945.3639552121
1468,1946.4594248538
1469,1947.5547870194
1470,1948.6500418010
1471,1949.7451892904
1472,1950.8402295794
1473,1951.9351627596
1474,1953.0299889225
1475,1954.1247081595
1476,1955.2193205617
1477,1956.3138262203
1478,1957.4082252260
1479,1958.5025176697
1480,1959.5967036421
1481,1960.6907832336
1482,1961.7847565345
1483,1962.8786236352
1484,1963.9723846256
1485,1965.0660395958
1486,1966.1595886355
1487,1967.2530318344
1488,1968.3463692820
1489,1969.4396010677
1490,1970.5327272808
1491,1971.6257480104
1492,1972.7186633454
1493,1973.8114733748
1494,1974.9041781872
1495,1975.9967778712
1496,1977.0892725152
1497,1978.1816622076
1498,1979.2739470366
1499,1980.3661270901
1500,1981.4582024560
1501,1982.5501732222
1502,1983.6420394763
1503,1984.7338013058
1504,1985.8254587980
1505,1986.9170120402
1506,1988.0084611195
1507,1989.0998061229
1508,1990.1910471372
1509,1991.2821842492
1510,1992.3732175454
1511,1993.4641471122
1512,1994.5549730361
1513,1995.6456954031
1514,1996.7363142994
1515,1997.8268298109
1516,1998.9172420234
1517,2000.0075510225
1518,2001.0977568939
1519,2002.1878597229
1520,2003.2778595948
1521,2004.3677565948
1522,2005.4575508079
1523,2006.5472423190
1524,2007.6368312129
1525,2008.7263175743
1526,2009.8157014877
1527,2010.9049830375
1528,2011.9941623079
1529,2013.0832393832
1530,2014.1722143473
1531,2015.2610872841
1532,2016.3498582774
1533,2017.4385274110
1534,2018.5270947682
1535,2019.6155604325
1536,2020.7039244872
1537,2021.7921870154
1538,2022.8803481002
1539,2023.9684078244
1540,2025.0563662709
1541,2026.1442235224
1542,2027.2319796613
1543,2028.3196347701
1544,2029.4071889310
1545,2030.4946422264
1546,2031.5819947381
1547,2032.6692465482
1548,2033.7563977385
1549,2034.8434483907
1550,2035.9303985863
1551,2037.0172484067
1552,2038.1039979334
1553,2039.1906472476
1554,2040.2771964303
1555,2041.3636455625
1556,2042.4499947251
1557,2043.5362439988
1558,2044.6223934643
1559,2045.7084432020
1560,2046.7943932924
1561,2047.8802438156
1562,2048.9659948520
1563,2050.0516464814
1564,2051.1371987838
1565,2052.2226518391
1566,2053.3080057269
1567,2054.3932605268
1568,2055.4784163182
1569,2056.5634731805
1570,2057.6484311929
1571,2058.7332904345
1572,2059.8180509844
1573,2060.9027129213
1574,2061.9872763241
1575,2063.0717412715
1576,2064.1561078418
1577,2065.2403761137
1578,2066.3245461654
1579,2067.4086180751
1580,2068.4925919209
1581,2069.5764677808
1582,2070.6602457326
1583,2071.7439258541
1584,2072.8275082229
1585,2073.9109929165
1586,2074.9943800125
1587,2076.0776695880
1588,2077.1608617202
1589,2078.2439564864
1590,2079.3269539634
1591,2080.4098542280
1592,2081.4926573571
1593,2082.5753634273
1594,2083.6579725152
1595,2084.7404846971
1596,2085.8229000493
1597,2086.9052186482
1598,2087.9874405697
1599,2089.0695658899
1600,2090.1515946846
1601,2091.2335270297
1602,2092.3153630007
1603,2093.3971026733
1604,2094.4787461229
1605,2095.5602934249
1606,2096.6417446544
1607,2097.7230998867
1608,2098.8043591967
1609,2099.8855226594
1610,2100.9665903496
1611,2102.0475623419
1612,2103.1284387110
1613,2104.2092195315
1614,2105.2899048776
1615,2106.3704948236
1616,2107.4509894439
1617,2108.5313888123
1618,2109.6116930029
1619,2110.6919020896
1620,2111.7720161462
1621,2112.8520352462
1622,2113.9319594633
1623,2115.0117888709
1624,2116.0915235424
1625,2117.1711635509
1626,2118.2507089698
1627,2119.3301598719
1628,2120.4095163303
1629,2121.4887784178
1630,2122.5679462071
1631,2123.6470197709
1632,2124.7259991817
1633,2125.8048845119
1634,2126.8836758339
1635,2127.9623732199
1636,2129.0409767420
1637,2130.1194864723
1638,2131.1979024827
1639,2132.2762248451
1640,2133.3544536311
1641,2134.4325889124
1642,2135.5106307606
1643,2136.5885792471
1644,2137.6664344431
1645,2138.7441964200
1646,2139.8218652489
1647,2140.8994410008
1648,2141.9769237467
1649,2143.0543135574
1650,2144.1316105037
1651,2145.2088146562
1652,2146.2859260855
1653,2147.3629448619
1654,2148.4398710560
1655,2149.5167047379
1656,2150.5934459778
1657,2151.6700948458
1658,2152.7466514118
1659,2153.8231157457
1660,2154.8994879174
1661,2155.9757679964
1662,2157.0519560524
1663,2158.1280521549
1664,2159.2040563733
1665,2160.2799687768
1666,2161.3557894347
1667,2162.4315184161
1668,2163.5071557901
1669,2164.5827016255
1670,2165.6581559911
1671,2166.7335189558
1672,2167.8087905882
1673,2168.8839709567
1674,2169.9590601300
1675,2171.0340581763
1676,2172.1089651639
1677,2173.1837811610
1678,2174.2585062357
1679,2175.3331404559
1680,2176.4076838897
1681,2177.4821366048
1682,2178.5564986688
1683,2179.6307701495
1684,2180.7049511144
1685,2181.7790416309
1686,2182.8530417664
1687,2183.9269515882
1688,2185.0007711634
1689,2186.0745005590
1690,2187.1481398422
1691,2188.2216890798
1692,2189.2951483386
1693,2190.3685176853
1694,2191.4417971865
1695,2192.5149869089
1696,2193.5880869189
1697,2194.6610972828
1698,2195.7340180669
1699,2196.8068493373
1700,2197.8795911603
1701,2198.9522436018
1702,2200.0248067277
1703,2201.0972806039
1704,2202.1696652960
1705,2203.2419608699
1706,2204.3141673909
1707,2205.3862849247
1708,2206.4583135366
1709,2207.5302532919
1710,2208.6021042559
1711,2209.6738664937
1712,2210.7455400703
1713,2211.8171250507
1714,2212.8886214997
1715,2213.9600294823
1716,2215.0313490629
1717,2216.1025803064
1718,2217.1737232772
1719,2218.2447780398
1720,2219.3157446585
1721,2220.3866231976
1722,2221.4574137213
1723,2222.5281162937
1724,2223.5987309789
1725,2224.6692578407
1726,2225.7396969430
1727,2226.8100483497
1728,2227.8803121243
1729,2228.9504883305
1730,2230.0205770318
1731,2231.0905782917
1732,2232.1604921735
1733,2233.2303187404
1734,2234.3000580556
1735,2235.3697101824
1736,2236.4392751836
1737,2237.5087531222
1738,2238.5781440611
1739,2239.6474480630
1740,2240.7166651906
1741,2241.7857955066
1742,2242.8548390735
1743,2243.9237959537
1744,2244.9926662095
1745,2246.0614499034
1746,2247.1301470974
1747,2248.1987578537
1748,2249.2672822343
1749,2250.3357203012
1750,2251.4040721163
1751,2252.4723377413
1752,2253.5405172381
1753,2254.6086106682
1754,2255.6766180931
1755,2256.7445395744
1756,2257.8123751735
1757,2258.8801249517
1758,2259.9477889702
1759,2261.0153672902
1760,2262.0828599728
1761,2263.1502670789
1762,2264.2175886695
1763,2265.2848248055
1764,2266.3519755476
1765,2267.4190409565
1766,2268.4860210928
1767,2269.5529160170
1768,2270.6197257897
1769,2271.6864504711
1770,2272.7530901216
1771,2273.8196448014
1772,2274.8861145707
1773,2275.9524994895
1774,2277.0187996178
1775,2278.0850150155
1776,2279.1511457425
1777,2280.2171918585
1778,2281.2831534232
1779,2282.3490304962
1780,2283.4148231371
1781,2284.4805314053
1782,2285.5461553601
1783,2286.6116950610
1784,2287.6771505671
1785,2288.7425219375
1786,2289.8078092314
1787,2290.8730125078
1788,2291.9381318255
1789,2293.0031672435
1790,2294.0681188205
1791,2295.1329866152
1792,2296.1977706862
1793,2297.2624710922
1794,2298.3270878915
1795,2299.3916211427
1796,2300.4560709039
1797,2301.5204372336
1798,2302.5847201898
1799,2303.6489198306
1800,2304.7130362143
1801,2305.7770693985
1802,2306.8410194414
1803,2307.9048864007
1804,2308.9686703341
1805,2310.0323712993
1806,2311.0959893539
1807,2312.1595245555
1808,2313.2229769615
1809,2314.2863466293
1810,2315.3496336161
1811,2316.4128379793
1812,2317.4759597760
1813,2318.5389990633
1814,2319.6019558983
1815,2320.6648303378
1816,2321.7276224387
1817,2322.7903322580
1818,2323.8529598522
1819,2324.9155052781
1820,2325.9779685924
1821,2327.0403498514
1822,2328.1026491116
1823,2329.1648664296
1824,2330.2270018614
1825,2331.2890554635
1826,2332.3510272920
1827,2333.4129174030
1828,2334.4747258525
1829,2335.5364526965
1830,2336.5980979909
1831,2337.6596617916
1832,2338.7211441542
1833,2339.7825451345
1834,2340.8438647880
1835,2341.9051031704
1836,2342.9662603372
1837,2344.0273363437
1838,2345.0883312452
1839,2346.1492450971
1840,2347.2100779546
1841,2348.2708298729
1842,2349.3315009068
1843,2350.3920911116
1844,2351.4526005421
1845,2352.5130292532
1846,2353.5733772997
1847,2354.6336447364
1848,2355.6938316178
1849,2356.7539379986
1850,2357.8139639334
1851,2358.8739094766
1852,2359.9337746825
1853,2360.9935596056
1854,2362.0532643001
1855,2363.1128888201
1856,2364.1724332199
1857,2365.2318975535
1858,2366.2912818749
1859,2367.3505862380
1860,2368.4098106967
1861,2369.4689553048
1862,2370.5280201160
1863,2371.5870051841
1864,2372.6459105625
1865,2373.7047363049
1866,2374.7634824648
1867,2375.8221490954
1868,2376.8807362503
1869,2377.9392439826
1870,2378.9976723456
1871,2380.0560213924
1872,2381.1142911762
1873,2382.1724817499
1874,2383.2305931664
1875,2384.2886254788
1876,2385.3465787398
1877,2386.4044530022
1878,2387.4622483187
1879,2388.5199647419
1880,2389.5776023244
1881,2390.6351611187
1882,2391.6926411773
1883,2392.7500425525
1884,2393.8073652967
1885,2394.8646094621
1886,2395.9217751009
1887,2396.9788622653
1888,2398.0358710072
1889,2399.0928013789
1890,2400.1496534320
1891,2401.2064272187
1892,2402.2631227906
1893,2403.3197401995
1894,2404.3762794972
1895,2405.4327407352
1896,2406.4891239652
1897,2407.5454292386
1898,2408.6016566069
1899,2409.6578061214
1900,2410.7138778336
1901,2411.7698717946
1902,2412.8257880557
1903,2413.8816266679
1904,2414.9373876825
1905,2415.9930711504
1906,2417.0486771225
1907,2418.1042056498
1908,2419.1596567831
1909,2420.2150305732
1910,2421.2703270707
1911,2422.3255463265
1912,2423.3806883909
1913,2424.4357533146
1914,2425.4907411481
1915,2426.5456519418
1916,2427.6004857460
1917,2428.6552426110
1918,2429.7099225870
1919,2430.7645257243
1920,2431.8190520730
1921,2432.8735016830
1922,2433.9278746045
1923,2434.9821708873
1924,2436.0363905814
1925,2437.0905337365
1926,2438.1446004025
1927,2439.1985906289
1928,2440.2525044656
1929,2441.3063419620
1930,2442.3601031677
1931,2443.4137881321
1932,2444.4673969047
1933,2445.5209295349
1934,2446.5743860719
1935,2447.6277665649
1936,2448.6810710632
1937,2449.7342996159
1938,2450.7874522720
1939,2451.8405290806
1940,2452.8935300905
1941,2453.9464553508
1942,2454.9993049102
1943,2456.0520788175
1944,2457.1047771214
1945,2458.1573998706
1946,2459.2099471137
1947,2460.2624188993
1948,2461.3148152759
1949,2462.3671362918
1950,2463.4193819955
1951,2464.4715524353
1952,2465.5236476596
1953,2466.5756677163
1954,2467.6276126539
1955,2468.6794825203
1956,2469.7312773636
1957,2470.7829972317
1958,2471.8346421727
1959,2472.8862122344
1960,2473.9377074647
1961,2474.9891279112
1962,2476.0404736217
1963,2477.0917446439
1964,2478.1429410253
1965,2479.1940628136
1966,2480.2451100562
1967,2481.2960828005
1968,2482.3469810940
1969,2483.3978049839
1970,2484.4485545176
1971,2485.4992297422
1972,2486.5498307049
1973,2487.6003574529
1974,2488.6508100331
1975,2489.7011884926
1976,2490.7514928784
1977,2491.8017232373
1978,2492.8518796161
1979,2493.9019620618
1980,2494.9519706209
1981,2496.0019053402
1982,2497.0517662663
1983,2498.1015534457
1984,2499.1512669251
1985,2500.2009067508
1986,2501.2504729693
1987,2502.2999656269
1988,2503.3493847700
1989,2504.3987304448
1990,2505.4480026974
1991,2506.4972015741
1992,2507.5463271209
1993,2508.5953793840
1994,2509.6443584092
1995,2510.6932642425
1996,2511.7420969298
1997,2512.7908565169
1998,2513.8395430497
1999,2514.8881565738
2000,2515.9366971350
2001,2516.9851647788
2002,2518.0335595508
2003,2519.0818814966
2004,2520.1301306616
2005,2521.1783070913
2006,2522.2264108310
2007,2523.2744419260
2008,2524.3224004216
2009,2525.3702863630
2010,2526.4180997954
2011,2527.4658407639
2012,2528.5135093135
2013,2529.5611054893
2014,2530.6086293362
2015,2531.6560808992
2016,2532.7034602230
2017,2533.7507673526
2018,2534.7980023326
2019,2535.8451652078
2020,2536.8922560228
2021,2537.9392748223
2022,2538.9862216507
2023,2540.0330965526
2024,2541.0798995725
2025,2542.1266307548
2026,2543.1732901438
2027,2544.2198777838
2028,2545.2663937191
2029,2546.3128379939
2030,2547.3592106524
2031,2548.4055117386
2032,2549.4517412967
2033,2550.4978993706
2034,2551.5439860043
2035,2552.5900012417
2036,2553.6359451267
2037,2554.6818177031
2038,2555.7276190147
2039,2556.7733491052
2040,2557.8190080182
2041,2558.8645957974
2042,2559.9101124864
2043,2560.9555581286
2044,2562.0009327675
2045,2563.0462364467
2046,2564.0914692094
2047,2565.1366310990
2048,2566.1817221587
2049,2567.2267424319
2050,2568.2716919616
2051,2569.3165707911
2052,2570.3613789634
2053,2571.4061165216
2054,2572.4507835087
2055,2573.4953799675
2056,2574.5399059411
2057,2575.5843614723
2058,2576.6287466038
2059,2577.6730613784
2060,2578.7173058390
2061,2579.7614800280
2062,2580.8055839882
2063,2581.8496177620
2064,2582.8935813922
2065,2583.9374749210
2066,2584.9812983909
2067,2586.0250518444
2068,2587.0687353238
2069,2588.1123488713
2070,2589.1558925292
2071,2590.1993663398
2072,2591.2427703451
2073,2592.2861045872
2074,2593.3293691083
2075,2594.3725639503
2076,2595.4156891552
2077,2596.4587447650
2078,2597.5017308215
2079,2598.5446473665
2080,2599.5874944418
2081,2600.6302720892
2082,2601.6729803504
2083,2602.7156192670
2084,2603.7581888806
2085,2604.8006892328
2086,2605.8431203650
2087,2606.8854823189
2088,2607.9277751357
2089,2608.9699988569
2090,2610.0121535237
2091,2611.0542391776
2092,2612.0962558596
2093,2613.1382036111
2094,2614.1800824732
2095,2615.2218924870
2096,2616.2636336935
2097,2617.3053061338
2098,2618.3469098489
2099,2619.3884448796
2100,2620.4299112669
2101,2621.4713090517
2102,2622.5126382746
2103,2623.5538989766
2104,2624.5950911982
2105,2625.6362149801
2106,2626.6772703631
2107,2627.7182573876
2108,2628.7591760941
2109,2629.8000265233
2110,2630.8408087155
2111,2631.8815227112
2112,2632.9221685506
2113,2633.9627462742
2114,2635.0032559222
2115,2636.0436975348
2116,2637.0840711523
2117,2638.1243768147
2118,2639.1646145622
2119,2640.2047844348
2120,2641.2448864725
2121,2642.2849207154
2122,2643.3248872034
2123,2644.3647859763
2124,2645.4046170739
2125,2646.4443805362
2126,2647.4840764029
2127,2648.5237047136
2128,2649.5632655081
2129,2650.6027588259
2130,2651.6421847068
2131,2652.6815431902
2132,2653.7208343156
2133,2654.7600581226
2134,2655.7992146504
2135,2656.8383039386
2136,2657.8773260265
2137,2658.9162809533
2138,2659.9551687583
2139,2660.9939894807
2140,2662.0327431597
2141,2663.0714298345
2142,2664.1100495441
2143,2665.1486023275
2144,2666.1870882239
2145,2667.2255072721
2146,2668.2638595111
2147,2669.3021449797
2148,2670.3403637168
2149,2671.3785157612
2150,2672.4166011517
2151,2673.4546199270
2152,2674.4925721258
2153,2675.5304577866
2154,2676.5682769482
2155,2677.6060296490
2156,2678.6437159276
2157,2679.6813358225
2158,2680.7188893720
2159,2681.7563766147
2160,2682.7937975888
2161,2683.8311523326
2162,2684.8684408845
2163,2685.9056632826
2164,2686.9428195652
2165,2687.9799097704
2166,2689.0169339364
2167,2690.0538921012
2168,2691.0907843028
2169,2692.1276105792
2170,2693.1643709684
2171,2694.2010655084
2172,2695.2376942369
2173,2696.2742571919
2174,2697.3107544110
2175,2698.3471859322
2176,2699.3835517930
2177,2700.4198520313
2178,2701.4560866845
2179,2702.4922557903
2180,2703.5283593864
2181,2704.5643975101
2182,2705.6003701990
2183,2706.6362774906
2184,2707.6721194221
2185,2708.7078960311
2186,2709.7436073548
2187,2710.7792534305
2188,2711.8148342955
2189,2712.8503499870
2190,2713.8858005421
2191,2714.9211859980
2192,2715.9565063918
2193,2716.9917617606
2194,2718.0269521413
2195,2719.0620775710
2196,2720.0971380865
2197,2721.1321337248
2198,2722.1670645229
2199,2723.2019305173
2200,2724.2367317451
2201,2725.2714682429
2202,2726.3061400475
2203,2727.3407471955
2204,2728.3752897236
2205,2729.4097676683
2206,2730.4441810663
2207,2731.4785299541
2208,2732.5128143680
2209,2733.5470343448
2210,2734.5811899206
2211,2735.6152811319
2212,2736.6493080151
2213,2737.6832706063
2214,2738.7171689421
2215,2739.7510030584
2216,2740.7847729916
2217,2741.8184787777
2218,2742.8521204529
2219,2743.8856980534
2220,2744.9192116150
2221,2745.9526611739
2222,2746.9860467660
2223,2748.0193684272
2224,2749.0526261934
2225,2750.0858201005
2226,2751.1189501843
2227,2752.1520164807
2228,2753.1850190253
2229,2754.2179578538
2230,2755.2508330020
2231,2756.2836445055
2232,2757.3163923998
2233,2758.3490767207
2234,2759.3816975035
2235,2760.4142547838
2236,2761.4467485970
2237,2762.4791789787
2238,2763.5115459641
2239,2764.5438495886
2240,2765.5760898875
2241,2766.6082668962
2242,2767.6403806499
2243,2768.6724311837
2244,2769.7044185328
2245,2770.7363427325
2246,2771.7682038178
2247,2772.8000018237
2248,2773.8317367853
2249,2774.8634087376
2250,2775.8950177155
2251,2776.9265637541
2252,2777.9580468881
2253,2778.9894671525
2254,2780.0208245820
2255,2781.0521192114
2256,2782.0833510756
2257,2783.1145202092
2258,2784.1456266468
2259,2785.1766704232
2260,2786.2076515730
2261,2787.2385701307
2262,2788.2694261308
2263,2789.3002196080
2264,2790.3309505966
2265,2791.3616191311
2266,2792.3922252459
2267,2793.4227689754
2268,2794.4532503539
2269,2795.4836694157
2270,2796.5140261951
2271,2797.5443207263
2272,2798.5745530436
2273,2799.6047231810
2274,2800.6348311727
2275,2801.6648770528
2276,2802.6948608554
2277,2803.7247826145
2278,2804.7546423641
2279,2805.7844401382
2280,2806.8141759707
2281,2807.8438498954
2282,2808.8734619463
2283,2809.9030121571
2284,2810.9325005617
2285,2811.9619271938
2286,2812.9912920872
2287,2814.0205952755
2288,2815.0498367924
2289,2816.0790166716
2290,2817.1081349466
2291,2818.1371916509
2292,2819.1661868182
2293,2820.1951204818
2294,2821.2239926753
2295,2822.2528034321
2296,2823.2815527856
2297,2824.3102407691
2298,2825.3388674160
2299,2826.3674327596
2300,2827.3959368331
2301,2828.4243796697
2302,2829.4527613027
2303,2830.4810817653
2304,2831.5093410904
2305,2832.5375393114
2306,2833.5656764611
2307,2834.5937525727
2308,2835.6217676792
2309,2836.6497218134
2310,2837.6776150085
2311,2838.7054472972
2312,2839.7332187124
2313,2840.7609292870
2314,2841.7885790538
2315,2842.8161680456
2316,2843.8436962951
2317,2844.8711638350
2318,2845.8985706980
2319,2846.9259169167
2320,2847.9532025238
2321,2848.9804275518
2322,2850.0075920334
2323,2851.0346960009
2324,2852.0617394870
2325,2853.0887225240
2326,2854.1156451444
2327,2855.1425073806
2328,2856.1693092649
2329,2857.1960508298
2330,2858.2227321073
2331,2859.2493531300
2332,2860.2759139299
2333,2861.3024145393
2334,2862.3288549904
2335,2863.3552353152
2336,2864.3815555460
2337,2865.4078157148
2338,2866.4340158536
2339,2867.4601559945
2340,2868.4862361694
2341,2869.5122564104
2342,2870.5382167493
2343,2871.5641172180
2344,2872.5899578483
2345,2873.6157386723
2346,2874.6414597215
2347,2875.6671210278
2348,2876.6927226230
2349,2877.7182645387
2350,2878.7437468067
2351,2879.7691694585
2352,2880.7945325258
2353,2881.8198360402
2354,2882.8450800333
2355,2883.8702645365
2356,2884.8953895814
2357,2885.9204551994
2358,2886.9454614219
2359,2887.9704082805
2360,2888.9952958064
2361,2890.0201240310
2362,2891.0448929856
2363,2892.0696027015
2364,2893.0942532100
2365,2894.1188445422
2366,2895.1433767294
2367,2896.1678498028
2368,2897.1922637934
2369,2898.2166187324
2370,2899.2409146509
2371,2900.2651515799
2372,2901.2893295504
2373,2902.3134485935
2374,2903.3375087400
2375,2904.3615100209
2376,2905.3854524671
2377,2906.4093361095
2378,2907.4331609788
2379,2908.4569271060
2380,2909.4806345218
2381,2910.5042832570
2382,2911.5278733422
2383,2912.5514048083
2384,2913.5748776857
2385,2914.5982920052
2386,2915.6216477974
2387,2916.6449450929
2388,2917.6681839221
2389,2918.6913643157
2390,2919.7144863041
2391,2920.7375499177
2392,2921.7605551871
2393,2922.7835021426
2394,2923.8063908146
2395,2924.8292212334
2396,2925.8519934293
2397,2926.8747074327
2398,2927.8973632738
2399,2928.9199609828
2400,2929.9425005900
2401,2930.9649821255
2402,2931.9874056194
2403,2933.0097711019
2404,2934.0320786030
2405,2935.0543281529
2406,2936.0765197816
2407,2937.0986535190
2408,2938.1207293951
2409,2939.1427474399
2410,2940.1647076834
2411,2941.1866101553
2412,2942.2084548856
2413,2943.2302419041
2414,2944.2519712405
2415,2945.2736429248
2416,2946.2952569866
2417,2947.3168134557
2418,2948.3383123617
2419,2949.3597537344
2420,2950.3811376033
2421,2951.4024639981
2422,2952.4237329483
2423,2953.4449444836
2424,2954.4660986334
2425,2955.4871954273
2426,2956.5082348947
2427,2957.5292170651
2428,2958.5501419678
2429,2959.5710096324
2430,2960.5918200881
2431,2961.6125733643
2432,2962.6332694903
2433,2963.6539084953
2434,2964.6744904087
2435,2965.6950152597
2436,2966.7154830774
2437,2967.7358938911
2438,2968.7562477299
2439,2969.7765446228
2440,2970.7967845991
2441,2971.8169676877
2442,2972.8370939177
2443,2973.8571633182
2444,2974.8771759180
2445,2975.8971317462
2446,2976.9170308317
2447,2977.9368732034
2448,2978.9566588901
2449,2979.9763879208
2450,2980.9960603242
2451,2982.0156761292
2452,2983.0352353645
2453,2984.0547380588
2454,2985.0741842409
2455,2986.0935739395
2456,2987.1129071832
2457,2988.1321840007
2458,2989.1514044206
2459,2990.1705684715
2460,2991.1896761819
2461,2992.2087275803
2462,2993.2277226953
2463,2994.2466615554
2464,2995.2655441890
2465,2996.2843706245
2466,2997.3031408903
2467,2998.3218550149
2468,2999.3405130265
2469,3000.3591149535
2470,3001.3776608242
2471,3002.3961506669
2472,3003.4145845097
2473,3004.4329623810
2474,3005.4512843089
2475,3006.4695503216
2476,3007.4877604472
2477,3008.5059147139
2478,3009.5240131497
2479,3010.5420557828
2480,3011.5600426410
2481,3012.5779737526
2482,3013.5958491453
2483,3014.6136688473
2484,3015.6314328865
2485,3016.6491412907
2486,3017.6667940879
2487,3018.6843913059
2488,3019.7019329725
2489,3020.7194191156
2490,3021.7368497630
2491,3022.7542249423
2492,3023.7715446814
2493,3024.7888090080
2494,3025.8060179497
2495,3026.8231715342
2496,3027.8402697891
2497,3028.8573127421
2498,3029.8743004207
2499,3030.8912328525
2500,3031.9081100650
2501,3032.9249320857
2502,3033.9416989422
2503,3034.9584106618
2504,3035.9750672721
2505,3036.9916688004
2506,3038.0082152741
2507,3039.0247067205
2508,3040.0411431671
2509,3041.0575246411
2510,3042.0738511697
2511,3043.0901227804
2512,3044.1063395002
2513,3045.1225013565
2514,3046.1386083764
2515,3047.1546605871
2516,3048.1706580156
2517,3049.1866006892
2518,3050.2024886349
2519,3051.2183218798
2520,3052.2341004509
2521,3053.2498243752
2522,3054.2654936798
2523,3055.2811083916
2524,3056.2966685376
2525,3057.3121741446
2526,3058.3276252395
2527,3059.3430218494
2528,3060.3583640009
2529,3061.3736517209
2530,3062.3888850363
2531,3063.4040639737
2532,3064.4191885600
2533,3065.4342588218
2534,3066.4492747859
2535,3067.4642364790
2536,3068.4791439277
2537,3069.4939971587
2538,3070.5087961985
2539,3071.5235410738
2540,3072.5382318111
2541,3073.5528684369
2542,3074.5674509778
2543,3075.5819794602
2544,3076.5964539106
2545,3077.6108743556
2546,3078.6252408214
2547,3079.6395533345
2548,3080.6538119212
2549,3081.6680166080
2550,3082.6821674210
2551,3083.6962643868
2552,3084.7103075314
2553,3085.7242968812
2554,3086.7382324625
2555,3087.7521143013
2556,3088.7659424239
2557,3089.7797168566
2558,3090.7934376253
2559,3091.8071047563
2560,3092.8207182755
2561,3093.8342782092
2562,3094.8477845833
2563,3095.8612374239
2564,3096.8746367570
2565,3097.8879826085
2566,3098.9012750044
2567,3099.9145139707
2568,3100.9276995332
2569,3101.9408317178
2570,3102.9539105505
2571,3103.9669360570
2572,3104.9799082631
2573,3105.9928271947
2574,3107.0056928776
2575,3108.0185053375
2576,3109.0312646000
2577,3110.0439706910
2578,3111.0566236362
2579,3112.0692234610
2580,3113.0817701913
2581,3114.0942638526
2582,3115.1067044706
2583,3116.1190920707
2584,3117.1314266785
2585,3118.1437083197
2586,3119.1559370196
2587,3120.1681128037
2588,3121.1802356976
2589,3122.1923057266
2590,3123.2043229161
2591,3124.2162872917
2592,3125.2281988785
2593,3126.2400577021
2594,3127.2518637876
2595,3128.2636171604
2596,3129.2753178459
2597,3130.2869658691
2598,3131.2985612555
2599,3132.3101040302
2600,3133.3215942183
2601,3134.3330318452
2602,3135.3444169358
2603,3136.3557495154
2604,3137.3670296091
2605,3138.3782572419
2606,3139.3894324389
2607,3140.4005552252
2608,3141.4116256257
2609,3142.4226436654
2610,3143.4336093695
2611,3144.4445227627
2612,3145.4553838700
2613,3146.4661927164
2614,3147.4769493267
2615,3148.4876537258
2616,3149.4983059386
2617,3150.5089059898
2618,3151.5194539043
2619,3152.5299497068
2620,3153.5403934221
2621,3154.5507850751
2622,3155.5611246902
2623,3156.5714122924
2624,3157.5816479062
2625,3158.5918315563
2626,3159.6019632673
2627,3160.6120430639
2628,3161.6220709706
2629,3162.6320470120
2630,3163.6419712127
2631,3164.6518435971
2632,3165.6616641899
2633,3166.6714330154
2634,3167.6811500981
2635,3168.6908154625
2636,3169.7004291330
2637,3170.7099911340
2638,3171.7195014899
2639,3172.7289602251
2640,3173.7383673638
2641,3174.7477229304
2642,3175.7570269492
2643,3176.7662794445
2644,3177.7754804405
2645,3178.7846299614
2646,3179.7937280315
2647,3180.8027746750
2648,3181.8117699160
2649,3182.8207137787
2650,3183.8296062873
2651,3184.8384474657
2652,3185.8472373382
2653,3186.8559759287
2654,3187.8646632614
2655,3188.8732993603
2656,3189.8818842493
2657,3190.8904179525
2658,3191.8989004938
2659,3192.9073318971
2660,3193.9157121865
2661,3194.9240413858
2662,3195.9323195189
2663,3196.9405466096
2664,3197.9487226818
2665,3198.9568477593
2666,3199.9649218660
2667,3200.9729450256
2668,3201.9809172618
2669,3202.9888385985
2670,3203.9967090593
2671,3205.0045286679
2672,3206.0122974481
2673,3207.0200154235
2674,3208.0276826177
2675,3209.0352990543
2676,3210.0428647571
2677,3211.0503797494
2678,3212.0578440550
2679,3213.0652576973
2680,3214.0726206999
2681,3215.0799330863
2682,3216.0871948800
2683,3217.0944061043
2684,3218.1015667829
2685,3219.1086769390
2686,3220.1157365962
2687,3221.1227457777
2688,3222.1297045070
2689,3223.1366128073
2690,3224.1434707021
2691,3225.1502782147
2692,3226.1570353682
2693,3227.1637421861
2694,3228.1703986914
2695,3229.1770049076
2696,3230.1835608577
2697,3231.1900665649
2698,3232.1965220525
2699,3233.2029273436
2700,3234.2092824613
2701,3235.2155874287
2702,3236.2218422689
2703,3237.2280470050
2704,3238.2342016600
2705,3239.2403062571
2706,3240.2463608191
2707,3241.2523653691
2708,3242.2583199300
2709,3243.2642245249
2710,3244.2700791767
2711,3245.2758839082
2712,3246.2816387424
2713,3247.2873437022
2714,3248.2929988104
2715,3249.2986040898
2716,3250.3041595634
2717,3251.3096652538
2718,3252.3151211839
2719,3253.3205273765
2720,3254.3258838542
2721,3255.3311906399
2722,3256.3364477562
2723,3257.3416552259
2724,3258.3468130715
2725,3259.3519213158
2726,3260.3569799813
2727,3261.3619890908
2728,3262.3669486668
2729,3263.3718587318
2730,3264.3767193085
2731,3265.3815304194
2732,3266.3862920870
2733,3267.3910043337
2734,3268.3956671822
2735,3269.4002806548
2736,3270.4048447740
2737,3271.4093595623
2738,3272.4138250420
2739,3273.4182412355
2740,3274.4226081653
2741,3275.4269258536
2742,3276.4311943228
2743,3277.4354135952
2744,3278.4395836932
2745,3279.4437046390
2746,3280.4477764548
2747,3281.4517991629
2748,3282.4557727856
2749,3283.4596973451
2750,3284.4635728634
2751,3285.4673993629
2752,3286.4711768657
2753,3287.4749053938
2754,3288.4785849695
2755,3289.4822156147
2756,3290.4857973517
2757,3291.4893302024
2758,3292.4928141890
2759,3293.4962493333
2760,3294.4996356576
2761,3295.5029731836
2762,3296.5062619334
2763,3297.5095019290
2764,3298.5126931923
2765,3299.5158357452
2766,3300.5189296097
2767,3301.5219748075
2768,3302.5249713606
2769,3303.5279192907
2770,3304.5308186199
2771,3305.5336693698
2772,3306.5364715622
2773,3307.5392252189
2774,3308.5419303617
2775,3309.5445870124
2776,3310.5471951926
2777,3311.5497549240
2778,3312.5522662283
2779,3313.5547291273
2780,3314.5571436425
2781,3315.5595097956
2782,3316.5618276083
2783,3317.5640971020
2784,3318.5663182984
2785,3319.5684912190
2786,3320.5706158855
2787,3321.5726923193
2788,3322.5747205419
2789,3323.5767005749
2790,3324.5786324396
2791,3325.5805161577
2792,3326.5823517504
